L1,L2,Spherical,Coma,Astig,CLon,EFFL_mm,MS_d,GEO_over_Airy,RMS_over_Airy,GEO_R_avg_mm,RMS_R_avg_mm,EE_info,source_file,source_path,EE1,EE2,EE3,EE4
A86-82,ADF355,-14.72,-9.43,5.25,20.36,9127.184014,1.30664e-05,59.3,27.04,132.042892,60.19699,"[43.35056736848453, 39.65321524177627, 39.452936101920145, 40.93713306349929]",metrics_A86-82_ADF355.txt,Results\metrics_A86-82_ADF355.txt,43.35056736848453,39.65321524177627,39.452936101920145,40.93713306349929
A86-82,BAFD1,-17.1,-9.03,9.69,18.11,9127.193854,-3.89803e-06,43.31,25.41,96.424509,56.574706,"[27.459960313794163, 53.560398230832305, 53.41494150690538, 74.67476300870416]",metrics_A86-82_BAFD1.txt,Results\metrics_A86-82_BAFD1.txt,27.459960313794163,53.560398230832305,53.41494150690538,74.67476300870416
A86-82,BAFD3,-16.96,-8.8,9.9,19.55,9127.189035,-6.72426e-06,54.98,28.9,122.42768,64.345211,"[32.85227070978427, 54.8676702193235, 54.81710751849796, 86.77028679456768]",metrics_A86-82_BAFD3.txt,Results\metrics_A86-82_BAFD3.txt,32.85227070978427,54.8676702193235,54.81710751849796,86.77028679456768
A86-82,C04-38,-17.01,-8.83,10.01,17.03,9127.188281,-1.34579e-05,43.77,24.32,97.453351,54.152171,"[22.147337429443226, 48.86114070037722, 48.74134878148365, 71.15469560233909]",metrics_A86-82_C04-38.txt,Results\metrics_A86-82_C04-38.txt,22.147337429443226,48.86114070037722,48.74134878148365,71.15469560233909
A86-82,C20-36,-19.78,-9.09,12.21,14.51,9127.204447,-1.24576e-05,37.62,19.11,83.775872,42.541835,"[18.167144135712913, 33.535835131781376, 33.76045007047112, 52.85268344601221]",metrics_A86-82_C20-36.txt,Results\metrics_A86-82_C20-36.txt,18.167144135712913,33.535835131781376,33.76045007047112,52.85268344601221
A86-82,C26-36,-19.79,-9.28,12.28,13.49,9127.19231,-1.63518e-05,37.46,20.02,83.410238,44.568262,"[16.99786388250439, 37.91936234834422, 37.633902756871315, 55.21540350424199]",metrics_A86-82_C26-36.txt,Results\metrics_A86-82_C26-36.txt,16.99786388250439,37.91936234834422,37.633902756871315,55.21540350424199
A86-82,C37-35,-17.89,-9.69,8.61,13.05,9127.194573,-6.45181e-06,36.75,20.38,81.836463,45.372178,"[12.161381785182446, 42.96970425467612, 42.7973842973165, 57.730908747196054]",metrics_A86-82_C37-35.txt,Results\metrics_A86-82_C37-35.txt,12.161381785182446,42.96970425467612,42.7973842973165,57.730908747196054
A86-82,E-F1,-19.77,-9.28,12.27,13.55,9127.192304,-1.45327e-05,37.5,19.4,83.507324,43.206395,"[17.77791419271484, 34.418158719021854, 34.42935184317955, 52.6071085950567]",metrics_A86-82_E-F1.txt,Results\metrics_A86-82_E-F1.txt,17.77791419271484,34.418158719021854,34.42935184317955,52.6071085950567
A86-82,E-F3,-18.31,-9.03,11.14,15.53,9127.18997,-1.35205e-05,42.05,20.91,93.629278,46.549009,"[23.177987797730992, 37.55413347370623, 37.76125532687881, 52.34778032829707]",metrics_A86-82_E-F3.txt,Results\metrics_A86-82_E-F3.txt,23.177987797730992,37.55413347370623,37.76125532687881,52.34778032829707
A86-82,F11,-19.93,-9.23,12.53,14.0,9127.190972,-2.24374e-05,38.44,22.33,85.585713,49.726869,"[20.18191458310277, 46.19241054536921, 46.078974905471426, 61.64825389311804]",metrics_A86-82_F11.txt,Results\metrics_A86-82_F11.txt,20.18191458310277,46.19241054536921,46.078974905471426,61.64825389311804
A86-82,F14HT,-16.61,-8.78,9.63,17.24,9127.188228,-1.29054e-05,44.74,24.92,99.611249,55.49729,"[21.4248857087741, 51.81746090160584, 51.73619156165485, 72.61914549696633]",metrics_A86-82_F14HT.txt,Results\metrics_A86-82_F14HT.txt,21.4248857087741,51.81746090160584,51.73619156165485,72.61914549696633
A86-82,F2HT,-19.77,-9.09,12.21,14.6,9127.204447,-1.2334e-05,37.77,19.1,84.095777,42.528844,"[18.407201181975175, 33.830670918566824, 33.72893429063728, 51.32979341030155]",metrics_A86-82_F2HT.txt,Results\metrics_A86-82_F2HT.txt,18.407201181975175,33.830670918566824,33.72893429063728,51.32979341030155
A86-82,F3,-19.18,-9.01,11.71,14.99,9127.204676,-1.6631e-05,39.45,19.52,87.839779,43.46147,"[22.68456814385205, 35.821345513324445, 35.49047394787469, 46.421725868779525]",metrics_A86-82_F3.txt,Results\metrics_A86-82_F3.txt,22.68456814385205,35.821345513324445,35.49047394787469,46.421725868779525
A86-82,F8,-19.58,-8.73,12.59,18.25,9127.202333,-1.13328e-05,55.52,28.65,123.631072,63.803506,"[23.571821936116137, 54.57409924498337, 54.508267922089274, 86.58826850209553]",metrics_A86-82_F8.txt,Results\metrics_A86-82_F8.txt,23.571821936116137,54.57409924498337,54.508267922089274,86.58826850209553
A86-82,F8HT,-19.59,-8.73,12.59,18.21,9127.202327,-1.35547e-05,52.43,28.23,116.75159,62.854167,"[24.182548419186425, 57.19348188614754, 57.40407065085274, 83.48971907485466]",metrics_A86-82_F8HT.txt,Results\metrics_A86-82_F8HT.txt,24.182548419186425,57.19348188614754,57.40407065085274,83.48971907485466
A86-82,LZ_F1,-18.32,-9.03,11.14,15.38,9127.189968,-1.69658e-05,39.6,19.85,88.181787,44.196465,"[23.085158544463162, 36.76323981178667, 36.309586609083865, 45.69915779806665]",metrics_A86-82_LZ_F1.txt,Results\metrics_A86-82_LZ_F1.txt,23.085158544463162,36.76323981178667,36.309586609083865,45.69915779806665
A86-82,LZ_F8,-19.89,-9.28,12.4,13.5,9127.192037,-1.7281e-05,37.63,20.36,83.796581,45.340084,"[17.599745903905553, 39.267184000601745, 38.71775645195996, 56.433473053811284]",metrics_A86-82_LZ_F8.txt,Results\metrics_A86-82_LZ_F8.txt,17.599745903905553,39.267184000601745,38.71775645195996,56.433473053811284
A86-82,PBM11,-19.75,-9.22,12.35,13.92,9127.191151,-2.22391e-05,38.34,22.32,85.362434,49.688727,"[20.001430967922772, 46.29246849870235, 46.417293862214905, 61.76271211250773]",metrics_A86-82_PBM11.txt,Results\metrics_A86-82_PBM11.txt,20.001430967922772,46.29246849870235,46.417293862214905,61.76271211250773
A86-82,PBM18Y,-20.44,-8.89,13.54,17.71,9127.192912,-1.5592e-05,51.24,27.84,114.091706,61.980116,"[26.387128316624143, 54.49780429035006, 54.04787796314821, 81.56427774542351]",metrics_A86-82_PBM18Y.txt,Results\metrics_A86-82_PBM18Y.txt,26.387128316624143,54.49780429035006,54.04787796314821,81.56427774542351
A86-82,PBM2Y,-19.78,-9.09,12.21,14.46,9127.204461,-1.26696e-05,37.55,19.14,83.613647,42.615536,"[18.025856720530733, 33.824630633439455, 33.8950798652715, 53.7933301568784]",metrics_A86-82_PBM2Y.txt,Results\metrics_A86-82_PBM2Y.txt,18.025856720530733,33.824630633439455,33.8950798652715,53.7933301568784
A86-82,PBM3,-18.31,-9.03,11.14,15.53,9127.189946,-1.63388e-05,40.09,19.98,89.266538,44.49897,"[23.720077391865498, 36.44789528831672, 36.23030789158098, 46.91423065442553]",metrics_A86-82_PBM3.txt,Results\metrics_A86-82_PBM3.txt,23.720077391865498,36.44789528831672,36.23030789158098,46.91423065442553
A86-82,PBM8Y,-19.57,-8.73,12.58,18.3,9127.202344,-1.34252e-05,52.92,28.38,117.825457,63.182258,"[24.07851627224816, 57.71921555330131, 57.36599653391704, 84.18568664235394]",metrics_A86-82_PBM8Y.txt,Results\metrics_A86-82_PBM8Y.txt,24.07851627224816,57.71921555330131,57.36599653391704,84.18568664235394
A86-82,SF7,-18.01,-9.75,8.64,11.82,9127.1944,-4.85742e-06,37.67,21.21,83.873354,47.230531,"[9.465832591990159, 45.24375667072549, 44.956984452009685, 59.88222566050378]",metrics_A86-82_SF7.txt,Results\metrics_A86-82_SF7.txt,9.465832591990159,45.24375667072549,44.956984452009685,59.88222566050378
A87-84,ADF355,-16.54,-9.6,7.19,18.26,9127.194895,8.57051e-06,51.46,23.11,114.572173,51.457858,"[36.396308039945865, 36.420014203415526, 36.458598197023065, 30.695658409926832]",metrics_A87-84_ADF355.txt,Results\metrics_A87-84_ADF355.txt,36.396308039945865,36.420014203415526,36.458598197023065,30.695658409926832
A87-84,BAFD1,-19.77,-9.22,12.3,16.02,9127.191823,-9.6152e-06,40.56,20.72,90.307896,46.13017,"[21.47375718313718, 38.536471926990714, 38.31151693550119, 48.98287349327494]",metrics_A87-84_BAFD1.txt,Results\metrics_A87-84_BAFD1.txt,21.47375718313718,38.536471926990714,38.31151693550119,48.98287349327494
A87-84,BAFD3,-17.39,-8.74,10.15,17.58,9127.205343,-1.18207e-05,48.25,25.43,107.432822,56.620543,"[22.709967899179283, 52.255722834193364, 51.79791306602832, 73.79718811822534]",metrics_A87-84_BAFD3.txt,Results\metrics_A87-84_BAFD3.txt,22.709967899179283,52.255722834193364,51.79791306602832,73.79718811822534
A87-84,C04-38,-17.13,-8.74,9.94,15.06,9127.205274,-1.41174e-05,38.65,19.92,86.065594,44.347734,"[22.619878264176833, 36.35531530869129, 36.48409170645063, 50.77425087797759]",metrics_A87-84_C04-38.txt,Results\metrics_A87-84_C04-38.txt,22.619878264176833,36.35531530869129,36.48409170645063,50.77425087797759
A87-84,C20-36,-19.74,-9.09,12.17,12.47,9127.20438,-1.71588e-05,37.05,20.05,82.495538,44.65052,"[19.005996154840226, 38.278755465389224, 38.49609907588609, 56.12545367895939]",metrics_A87-84_C20-36.txt,Results\metrics_A87-84_C20-36.txt,19.005996154840226,38.278755465389224,38.49609907588609,56.12545367895939
A87-84,C26-36,-17.76,-9.08,10.17,11.57,9127.201848,-1.52122e-05,35.79,20.43,79.684198,45.49898,"[17.075800536021397, 42.78972114062911, 42.70717892861042, 58.388308317924576]",metrics_A87-84_C26-36.txt,Results\metrics_A87-84_C26-36.txt,17.075800536021397,42.78972114062911,42.70717892861042,58.388308317924576
A87-84,C37-35,-19.14,-9.72,9.93,10.86,9127.194137,-9.94506e-06,39.71,23.26,88.408657,51.787624,"[17.082723697599597, 49.523681455756666, 49.523215886316976, 68.11690353666935]",metrics_A87-84_C37-35.txt,Results\metrics_A87-84_C37-35.txt,17.082723697599597,49.523681455756666,49.523215886316976,68.11690353666935
A87-84,E-F1,-17.8,-9.15,10.35,11.62,9127.193822,-1.39424e-05,35.45,19.57,78.935873,43.573543,"[15.522857138779727, 40.23282450047773, 40.3697510083858, 54.58206258618854]",metrics_A87-84_E-F1.txt,Results\metrics_A87-84_E-F1.txt,15.522857138779727,40.23282450047773,40.3697510083858,54.58206258618854
A87-84,E-F3,-18.25,-9.03,11.07,13.53,9127.190083,-1.49433e-05,37.96,18.64,84.518456,41.499672,"[21.564334962689514, 33.603479978032624, 33.398941213292545, 46.86312116409552]",metrics_A87-84_E-F3.txt,Results\metrics_A87-84_E-F3.txt,21.564334962689514,33.603479978032624,33.398941213292545,46.86312116409552
A87-84,F11,-19.98,-9.23,12.57,11.96,9127.190967,-2.44484e-05,43.01,25.23,95.76032,56.187384,"[22.758991360404316, 53.23179950066183, 52.87007914461665, 73.8389241120883]",metrics_A87-84_F11.txt,Results\metrics_A87-84_F11.txt,22.758991360404316,53.23179950066183,52.87007914461665,73.8389241120883
A87-84,F14HT,-16.57,-8.79,9.58,15.28,9127.188405,-1.38938e-05,38.83,20.58,86.456251,45.824489,"[22.043308802691858, 38.17045656678134, 37.87838981084521, 55.66307285628405]",metrics_A87-84_F14HT.txt,Results\metrics_A87-84_F14HT.txt,22.043308802691858,38.17045656678134,37.87838981084521,55.66307285628405
A87-84,F2HT,-19.73,-9.09,12.17,12.56,9127.204381,-1.70451e-05,36.96,19.94,82.289067,44.398877,"[18.37187795597888, 38.235080472295046, 37.766740740755196, 55.424950857368316]",metrics_A87-84_F2HT.txt,Results\metrics_A87-84_F2HT.txt,18.37187795597888,38.235080472295046,37.766740740755196,55.424950857368316
A87-84,F3,-19.2,-9.01,11.73,12.97,9127.204644,-1.87123e-05,36.72,19.37,81.76336,43.137515,"[18.270538581968555, 33.77129175489148, 34.025177395087816, 52.61638775122799]",metrics_A87-84_F3.txt,Results\metrics_A87-84_F3.txt,18.270538581968555,33.77129175489148,34.025177395087816,52.61638775122799
A87-84,F8,-20.11,-8.77,13.09,16.26,9127.202668,-1.69491e-05,49.4,25.77,109.994704,57.370754,"[27.052417861117682, 49.146713873326334, 48.764651346085444, 73.28903252035309]",metrics_A87-84_F8.txt,Results\metrics_A87-84_F8.txt,27.052417861117682,49.146713873326334,48.764651346085444,73.28903252035309
A87-84,F8HT,-20.12,-8.77,13.09,16.22,9127.202655,-1.9017e-05,46.95,24.42,104.528986,54.378554,"[28.629965406199346, 44.812955840479724, 44.35185961221816, 69.0122881232096]",metrics_A87-84_F8HT.txt,Results\metrics_A87-84_F8HT.txt,28.629965406199346,44.812955840479724,44.35185961221816,69.0122881232096
A87-84,LZ_F1,-18.25,-9.03,11.07,13.38,9127.190103,-1.87244e-05,36.05,19.08,80.263169,42.492752,"[18.584326690323884, 34.347403663433404, 33.87913662290765, 52.20697296050098]",metrics_A87-84_LZ_F1.txt,Results\metrics_A87-84_LZ_F1.txt,18.584326690323884,34.347403663433404,33.87913662290765,52.20697296050098
A87-84,LZ_F8,-19.97,-9.28,12.47,11.45,9127.192022,-1.92264e-05,38.83,22.39,86.450913,49.862496,"[27.069615501275145, 44.39954126180503, 44.37266788051268, 61.8766108680359]",metrics_A87-84_LZ_F8.txt,Results\metrics_A87-84_LZ_F8.txt,27.069615501275145,44.39954126180503,44.37266788051268,61.8766108680359
A87-84,PBM11,-19.81,-9.22,12.4,11.87,9127.191135,-2.4229e-05,43.0,25.25,95.751017,56.231906,"[22.269933563940704, 52.96790450613246, 52.95762104534566, 74.35883928990432]",metrics_A87-84_PBM11.txt,Results\metrics_A87-84_PBM11.txt,22.269933563940704,52.96790450613246,52.95762104534566,74.35883928990432
A87-84,PBM18Y,-20.17,-8.78,13.14,15.74,9127.202644,-1.93726e-05,45.77,23.35,101.910945,52.000067,"[28.786130590692515, 41.89779294531482, 41.75309567074798, 63.60966475786612]",metrics_A87-84_PBM18Y.txt,Results\metrics_A87-84_PBM18Y.txt,28.786130590692515,41.89779294531482,41.75309567074798,63.60966475786612
A87-84,PBM2Y,-19.84,-9.09,12.26,12.42,9127.204441,-1.74543e-05,37.2,20.19,82.820168,44.947219,"[19.531099516424746, 38.45137247505413, 38.89398152398445, 56.70128096791619]",metrics_A87-84_PBM2Y.txt,Results\metrics_A87-84_PBM2Y.txt,19.531099516424746,38.45137247505413,38.89398152398445,56.70128096791619
A87-84,PBM3,-18.24,-9.03,11.07,13.53,9127.190091,-1.80248e-05,36.41,18.94,81.072646,42.167978,"[19.18649302621427, 34.10088548907634, 34.016756547723745, 51.438058754406825]",metrics_A87-84_PBM3.txt,Results\metrics_A87-84_PBM3.txt,19.18649302621427,34.10088548907634,34.016756547723745,51.438058754406825
A87-84,PBM8Y,-20.1,-8.77,13.08,16.31,9127.20267,-1.89195e-05,47.3,24.73,105.32475,55.056303,"[28.553341204028158, 45.72001936982747, 45.37967703509762, 70.29726071264506]",metrics_A87-84_PBM8Y.txt,Results\metrics_A87-84_PBM8Y.txt,28.553341204028158,45.72001936982747,45.37967703509762,70.29726071264506
A87-84,SF7,-18.09,-9.74,8.74,9.64,9127.19447,-7.00939e-06,40.39,24.17,89.927967,53.822566,"[11.997060391702805, 51.526653033846564, 51.84338458547823, 70.60305620965934]",metrics_A87-84_SF7.txt,Results\metrics_A87-84_SF7.txt,11.997060391702805,51.526653033846564,51.84338458547823,70.60305620965934
BAF2,ADF355,-20.36,-6.4,12.71,56.26,9127.195213,3.71092e-05,254.62,127.83,566.947545,284.639237,"[145.75505576704506, 214.72752348319045, 213.2723236719746, 308.13598991925966]",metrics_BAF2_ADF355.txt,Results\metrics_BAF2_ADF355.txt,145.75505576704506,214.72752348319045,213.2723236719746,308.13598991925966
BAF2,BAFD1,-19.61,-6.38,12.55,54.1,9127.194265,2.80355e-05,234.83,117.77,522.879714,262.221518,"[134.46803567037423, 192.7782238016176, 193.7166447658081, 289.1848620467738]",metrics_BAF2_BAFD1.txt,Results\metrics_BAF2_BAFD1.txt,134.46803567037423,192.7782238016176,193.7166447658081,289.1848620467738
BAF2,C20-36,-18.62,-6.62,12.13,51.18,9127.193125,2.24067e-05,216.85,108.53,482.851342,241.656897,"[124.00227552987708, 173.4367806078659, 179.33790920609943, 255.38191736359693]",metrics_BAF2_C20-36.txt,Results\metrics_BAF2_C20-36.txt,124.00227552987708,173.4367806078659,179.33790920609943,255.38191736359693
BAF2,C26-36,-18.84,-6.83,12.19,50.8,9127.192135,2.20003e-05,213.3,106.33,474.94894,236.754376,"[122.4448168969241, 169.33017068897118, 175.2075398844147, 247.4102923981702]",metrics_BAF2_C26-36.txt,Results\metrics_BAF2_C26-36.txt,122.4448168969241,169.33017068897118,175.2075398844147,247.4102923981702
BAF2,C37-35,-19.33,-7.02,12.39,50.93,9127.19181,2.27255e-05,213.78,106.06,475.997012,236.161076,"[123.01799919900392, 169.29780799474196, 169.89339452616753, 247.86232412899662]",metrics_BAF2_C37-35.txt,Results\metrics_BAF2_C37-35.txt,123.01799919900392,169.29780799474196,169.89339452616753,247.86232412899662
BAF2,E-F1,-18.85,-6.82,12.2,50.84,9127.192222,2.39956e-05,215.78,107.66,480.457546,239.708624,"[123.79066462921085, 171.70189555807505, 177.06414364061362, 252.1787071714902]",metrics_BAF2_E-F1.txt,Results\metrics_BAF2_E-F1.txt,123.79066462921085,171.70189555807505,177.06414364061362,252.1787071714902
BAF2,F11,-18.58,-6.69,12.1,50.89,9127.192858,1.70205e-05,206.4,103.13,459.569166,229.640336,"[119.39585518241725, 164.28866540234583, 168.25972561019773, 240.53012291713685]",metrics_BAF2_F11.txt,Results\metrics_BAF2_F11.txt,119.39585518241725,164.28866540234583,168.25972561019773,240.53012291713685
BAF2,F2HT,-18.63,-6.61,12.14,51.25,9127.193179,2.26824e-05,217.26,108.77,483.765234,242.186398,"[124.3688497935027, 173.7416494276709, 179.84456459140267, 256.16565581165816]",metrics_BAF2_F2HT.txt,Results\metrics_BAF2_F2HT.txt,124.3688497935027,173.7416494276709,179.84456459140267,256.16565581165816
BAF2,LZ_F8,-18.75,-6.8,12.15,50.75,9127.192307,2.14949e-05,211.95,105.72,471.927217,235.398345,"[121.92049756264333, 167.97246272611864, 174.0164779674767, 246.12613489302373]",metrics_BAF2_LZ_F8.txt,Results\metrics_BAF2_LZ_F8.txt,121.92049756264333,167.97246272611864,174.0164779674767,246.12613489302373
BAF2,PBM11,-18.56,-6.7,12.09,50.82,9127.192775,1.69279e-05,206.09,102.96,458.892961,229.254544,"[119.15665163710054, 163.8970504566255, 167.89457240921087, 239.8579281527186]",metrics_BAF2_PBM11.txt,Results\metrics_BAF2_PBM11.txt,119.15665163710054,163.8970504566255,167.89457240921087,239.8579281527186
BAF2,PBM2Y,-18.61,-6.63,12.13,51.15,9127.193109,2.2429e-05,216.62,108.43,482.33974,241.429531,"[124.0426553993208, 173.09670800674684, 179.1369229118283, 255.13785598194875]",metrics_BAF2_PBM2Y.txt,Results\metrics_BAF2_PBM2Y.txt,124.0426553993208,173.09670800674684,179.1369229118283,255.13785598194875
BAF2,SF7,-19.34,-7.16,12.35,50.21,9127.191209,2.25639e-05,211.53,104.54,470.989709,232.768361,"[120.60265107807223, 168.0907845934717, 167.94326357845074, 245.2383250688173]",metrics_BAF2_SF7.txt,Results\metrics_BAF2_SF7.txt,120.60265107807223,168.0907845934717,167.94326357845074,245.2383250688173
CALCITE-E,ADF355,-14.08,-9.4,4.81,22.64,9127.18647,1.64833e-05,75.41,34.69,167.909935,77.241026,"[53.51949195068647, 48.18339204941078, 48.1898199072948, 61.356928486692084]",metrics_CALCITE-E_ADF355.txt,Results\metrics_CALCITE-E_ADF355.txt,53.51949195068647,48.18339204941078,48.1898199072948,61.356928486692084
CALCITE-E,BAFD1,-17.52,-8.93,10.01,20.29,9127.202505,-3.79137e-06,56.64,29.24,126.115288,65.111133,"[37.15104020780313, 50.01797227011477, 49.91957023887232, 84.05517235893454]",metrics_CALCITE-E_BAFD1.txt,Results\metrics_CALCITE-E_BAFD1.txt,37.15104020780313,50.01797227011477,49.91957023887232,84.05517235893454
CALCITE-E,BAFD3,-17.08,-8.75,10.07,21.69,9127.187748,-3.72385e-06,68.07,34.32,151.572769,76.428398,"[40.55125592930851, 51.63782351488513, 51.56274716290339, 90.59585176437957]",metrics_CALCITE-E_BAFD3.txt,Results\metrics_CALCITE-E_BAFD3.txt,40.55125592930851,51.63782351488513,51.56274716290339,90.59585176437957
CALCITE-E,C04-38,-16.59,-8.76,9.63,19.2,9127.188012,-6.96639e-06,55.16,29.25,122.821435,65.126589,"[33.7253380690356, 56.92038371805227, 56.88424944936972, 87.85949518909331]",metrics_CALCITE-E_C04-38.txt,Results\metrics_CALCITE-E_C04-38.txt,33.7253380690356,56.92038371805227,56.88424944936972,87.85949518909331
CALCITE-E,C20-36,-19.37,-9.15,12.07,16.74,9127.19042,-1.22764e-05,44.14,22.88,98.282055,50.954478,"[23.214919763507385, 43.41427750179096, 43.067951572274836, 55.881737352048404]",metrics_CALCITE-E_C20-36.txt,Results\metrics_CALCITE-E_C20-36.txt,23.214919763507385,43.41427750179096,43.067951572274836,55.881737352048404
CALCITE-E,C26-36,-17.78,-9.13,10.41,15.81,9127.193378,-1.35529e-05,39.98,20.19,89.019566,44.946746,"[22.941692002329752, 38.526230114861605, 38.28954713547216, 46.95148525798681]",metrics_CALCITE-E_C26-36.txt,Results\metrics_CALCITE-E_C26-36.txt,22.941692002329752,38.526230114861605,38.28954713547216,46.95148525798681
CALCITE-E,C37-35,-17.29,-9.63,8.06,15.41,9127.194901,-2.32242e-06,36.28,19.24,80.775966,42.849932,"[22.601169328104742, 38.486225538730594, 38.30989479675145, 47.29893841628987]",metrics_CALCITE-E_C37-35.txt,Results\metrics_CALCITE-E_C37-35.txt,22.601169328104742,38.486225538730594,38.30989479675145,47.29893841628987
CALCITE-E,E-F1,-17.77,-9.13,10.4,15.87,9127.193384,-1.18182e-05,41.33,20.75,92.024261,46.194241,"[21.61268282020007, 39.043591029246606, 39.3528372694152, 49.048217318146044]",metrics_CALCITE-E_E-F1.txt,Results\metrics_CALCITE-E_E-F1.txt,21.61268282020007,39.043591029246606,39.3528372694152,49.048217318146044
CALCITE-E,E-F3,-18.1,-8.98,10.98,17.73,9127.189384,-7.42685e-06,50.85,26.76,113.215912,59.575077,"[27.50093095710433, 52.36485965232532, 52.57591804175557, 80.18753237758179]",metrics_CALCITE-E_E-F3.txt,Results\metrics_CALCITE-E_E-F3.txt,27.50093095710433,52.36485965232532,52.57591804175557,80.18753237758179
CALCITE-E,F11,-19.55,-9.18,12.22,16.25,9127.190656,-1.88593e-05,39.19,20.63,87.255978,45.941824,"[20.186399807298393, 38.113629967367984, 37.4185689474582, 56.06949277510784]",metrics_CALCITE-E_F11.txt,Results\metrics_CALCITE-E_F11.txt,20.186399807298393,38.113629967367984,37.4185689474582,56.06949277510784
CALCITE-E,F14HT,-15.61,-8.48,8.52,19.44,9127.196104,-9.86949e-07,55.17,30.31,122.836503,67.498346,"[34.98540133244221, 60.62021684549673, 60.40115818852634, 89.92578631964842]",metrics_CALCITE-E_F14HT.txt,Results\metrics_CALCITE-E_F14HT.txt,34.98540133244221,60.62021684549673,60.40115818852634,89.92578631964842
CALCITE-E,F2HT,-19.37,-9.14,12.07,16.83,9127.19041,-1.21262e-05,44.42,23.16,98.898454,51.563894,"[23.10542482471041, 44.01141116327325, 43.53704474964346, 57.3860902890654]",metrics_CALCITE-E_F2HT.txt,Results\metrics_CALCITE-E_F2HT.txt,23.10542482471041,44.01141116327325,43.53704474964346,57.3860902890654
CALCITE-E,F3,-18.78,-8.95,11.37,17.22,9127.204858,-1.0197e-05,46.15,25.06,102.748525,55.791454,"[23.40394001051745, 49.20633302002047, 49.07214195775658, 70.39178214190648]",metrics_CALCITE-E_F3.txt,Results\metrics_CALCITE-E_F3.txt,23.40394001051745,49.20633302002047,49.07214195775658,70.39178214190648
CALCITE-E,F8,-20.57,-8.73,13.5,20.4,9127.203397,-8.89888e-06,68.15,33.78,151.741104,75.218314,"[33.396428005616684, 50.74073890375766, 50.025270936832285, 102.57982971853136]",metrics_CALCITE-E_F8.txt,Results\metrics_CALCITE-E_F8.txt,33.396428005616684,50.74073890375766,50.025270936832285,102.57982971853136
CALCITE-E,F8HT,-20.58,-8.74,13.51,20.36,9127.203399,-1.12927e-05,64.81,32.8,144.309894,73.035829,"[31.448289756898056, 54.06057483614371, 53.77327012868042, 101.27183672315637]",metrics_CALCITE-E_F8HT.txt,Results\metrics_CALCITE-E_F8HT.txt,31.448289756898056,54.06057483614371,53.77327012868042,101.27183672315637
CALCITE-E,LZ_F1,-18.11,-8.98,10.99,17.58,9127.189412,-7.68426e-06,46.31,26.42,103.104285,58.838212,"[27.076354619212538, 53.06812610264081, 52.7815665675576, 77.61512335144454]",metrics_CALCITE-E_LZ_F1.txt,Results\metrics_CALCITE-E_LZ_F1.txt,27.076354619212538,53.06812610264081,52.7815665675576,77.61512335144454
CALCITE-E,LZ_F8,-18.01,-9.13,10.65,15.82,9127.193014,-1.46793e-05,39.8,20.11,88.623136,44.788038,"[23.696533340188758, 38.69881499243674, 38.47244433567513, 46.38923588733152]",metrics_CALCITE-E_LZ_F8.txt,Results\metrics_CALCITE-E_LZ_F8.txt,23.696533340188758,38.69881499243674,38.47244433567513,46.38923588733152
CALCITE-E,PBM11,-19.55,-9.18,12.22,16.16,9127.190657,-1.88795e-05,39.08,20.6,87.018121,45.878811,"[20.02398476975806, 37.58244022516541, 37.43400063882156, 56.21026402201964]",metrics_CALCITE-E_PBM11.txt,Results\metrics_CALCITE-E_PBM11.txt,20.02398476975806,37.58244022516541,37.43400063882156,56.21026402201964
CALCITE-E,PBM18Y,-19.92,-8.82,13.1,19.88,9127.192648,-1.17727e-05,63.05,32.18,140.379159,71.661082,"[30.226854044476035, 55.38321883158068, 55.282094870670676, 99.52167802432831]",metrics_CALCITE-E_PBM18Y.txt,Results\metrics_CALCITE-E_PBM18Y.txt,30.226854044476035,55.38321883158068,55.282094870670676,99.52167802432831
CALCITE-E,PBM2Y,-19.37,-9.15,12.08,16.7,9127.190432,-1.24101e-05,43.98,22.8,97.926606,50.774249,"[23.320388326882835, 43.11610676106354, 43.08494062374574, 55.45780363541873]",metrics_CALCITE-E_PBM2Y.txt,Results\metrics_CALCITE-E_PBM2Y.txt,23.320388326882835,43.11610676106354,43.08494062374574,55.45780363541873
CALCITE-E,PBM3,-18.1,-8.98,10.98,17.73,9127.189376,-7.17053e-06,46.94,26.84,104.5198,59.77178,"[27.717193250282705, 54.28916248184943, 54.58323107324958, 78.94951483596701]",metrics_CALCITE-E_PBM3.txt,Results\metrics_CALCITE-E_PBM3.txt,27.717193250282705,54.28916248184943,54.58323107324958,78.94951483596701
CALCITE-E,PBM8Y,-20.56,-8.73,13.49,20.45,9127.20339,-1.11393e-05,65.33,33.02,145.465424,73.529291,"[31.92404910403304, 54.174018420904, 53.86405968743155, 102.26106263883875]",metrics_CALCITE-E_PBM8Y.txt,Results\metrics_CALCITE-E_PBM8Y.txt,31.92404910403304,54.174018420904,53.86405968743155,102.26106263883875
CALCITE-E,SF7,-17.69,-9.7,8.39,14.2,9127.194598,-1.21975e-06,37.09,19.11,82.589456,42.546362,"[19.50491637505225, 36.69254487931785, 36.76319316774544, 48.48287138178403]",metrics_CALCITE-E_SF7.txt,Results\metrics_CALCITE-E_SF7.txt,19.50491637505225,36.69254487931785,36.76319316774544,48.48287138178403
E-FK01,ADF355,-19.85,-9.09,12.58,19.99,9127.189922,-1.9787e-06,64.92,30.85,144.54684,68.686298,"[36.34810059167205, 41.683591606654545, 41.52121702439743, 77.12554497487656]",metrics_E-FK01_ADF355.txt,Results\metrics_E-FK01_ADF355.txt,36.34810059167205,41.683591606654545,41.52121702439743,77.12554497487656
E-FK01,BAFD1,-20.61,-8.97,13.65,18.09,9127.193084,-9.59865e-06,50.28,27.4,111.949286,61.012521,"[23.198470278896558, 52.91219368553452, 52.99876025330559, 81.84366666920522]",metrics_E-FK01_BAFD1.txt,Results\metrics_E-FK01_BAFD1.txt,23.198470278896558,52.91219368553452,52.99876025330559,81.84366666920522
E-FK01,BAFD3,-15.55,-9.26,5.82,20.08,9127.201327,6.5747e-06,50.14,26.07,111.635276,58.050513,"[38.820761483465475, 49.603610699563916, 49.65503446358164, 69.9325168791867]",metrics_E-FK01_BAFD3.txt,Results\metrics_E-FK01_BAFD3.txt,38.820761483465475,49.603610699563916,49.65503446358164,69.9325168791867
E-FK01,C04-38,-13.77,-9.37,3.77,17.33,9127.185363,4.69338e-06,35.71,21.32,79.508759,47.461843,"[28.906189454727972, 45.273040647229564, 45.11315382078751, 59.67043653858639]",metrics_E-FK01_C04-38.txt,Results\metrics_E-FK01_C04-38.txt,28.906189454727972,45.273040647229564,45.11315382078751,59.67043653858639
E-FK01,C20-36,-21.39,-9.0,14.5,14.58,9127.191121,-2.20632e-05,43.03,20.87,95.801499,46.468473,"[25.047228597249948, 34.46838224714219, 35.3463150507272, 51.80911936551602]",metrics_E-FK01_C20-36.txt,Results\metrics_E-FK01_C20-36.txt,25.047228597249948,34.46838224714219,35.3463150507272,51.80911936551602
E-FK01,C26-36,-20.63,-9.03,13.66,13.62,9127.193689,-2.17322e-05,39.68,20.43,88.350496,45.482397,"[21.27753279355943, 34.91675237747349, 35.029320684575396, 55.15170164698351]",metrics_E-FK01_C26-36.txt,Results\metrics_E-FK01_C26-36.txt,21.27753279355943,34.91675237747349,35.029320684575396,55.15170164698351
E-FK01,C37-35,-19.03,-8.97,11.71,13.24,9127.205535,-1.76987e-05,36.82,19.4,81.987393,43.203655,"[18.093093365138778, 34.245831682423244, 34.514578358117134, 52.48375812838009]",metrics_E-FK01_C37-35.txt,Results\metrics_E-FK01_C37-35.txt,18.093093365138778,34.245831682423244,34.514578358117134,52.48375812838009
E-FK01,E-F1,-20.87,-8.95,13.7,13.68,9127.20257,-1.94769e-05,40.61,20.04,90.430734,44.613166,"[22.696345760026777, 33.96534567035199, 34.53307324970514, 53.11828391220037]",metrics_E-FK01_E-F1.txt,Results\metrics_E-FK01_E-F1.txt,22.696345760026777,33.96534567035199,34.53307324970514,53.11828391220037
E-FK01,E-F3,-16.66,-10.23,4.97,16.3,9127.20065,8.67418e-06,42.19,20.72,93.940717,46.131444,"[27.85653855102513, 42.123292659730524, 42.12370067802313, 44.42768131745331]",metrics_E-FK01_E-F3.txt,Results\metrics_E-FK01_E-F3.txt,27.85653855102513,42.123292659730524,42.12370067802313,44.42768131745331
E-FK01,F11,-21.28,-9.01,14.36,14.1,9127.191668,-2.21188e-05,39.68,22.14,88.351356,49.291779,"[21.661402698398682, 41.79320924449112, 41.83315269872067, 62.26979083707592]",metrics_E-FK01_F11.txt,Results\metrics_E-FK01_F11.txt,21.661402698398682,41.79320924449112,41.83315269872067,62.26979083707592
E-FK01,F14HT,-13.71,-9.85,3.0,17.79,9127.187667,6.27738e-06,36.3,22.19,80.830242,49.398016,"[28.77741072465623, 48.173120404380185, 47.878210878314746, 61.39559820103187]",metrics_E-FK01_F14HT.txt,Results\metrics_E-FK01_F14HT.txt,28.77741072465623,48.173120404380185,47.878210878314746,61.39559820103187
E-FK01,F2HT,-21.39,-9.0,14.5,14.67,9127.191111,-2.19611e-05,43.21,20.91,96.220243,46.550831,"[25.291855476625827, 35.01996064663557, 35.421618642459265, 50.87048030722026]",metrics_E-FK01_F2HT.txt,Results\metrics_E-FK01_F2HT.txt,25.291855476625827,35.01996064663557,35.421618642459265,50.87048030722026
E-FK01,F3,-19.79,-8.77,12.89,15.14,9127.203677,-1.84247e-05,42.91,20.97,95.545241,46.689868,"[26.19064777819539, 36.22509372172581, 35.879071886323786, 49.26188018950562]",metrics_E-FK01_F3.txt,Results\metrics_E-FK01_F3.txt,26.19064777819539,36.22509372172581,35.879071886323786,49.26188018950562
E-FK01,F8,-16.82,-10.08,5.59,19.38,9127.18544,8.76915e-06,53.96,24.02,120.139311,53.483722,"[37.49617592652976, 40.918073810898534, 40.98429954635363, 39.17886176053352]",metrics_E-FK01_F8.txt,Results\metrics_E-FK01_F8.txt,37.49617592652976,40.918073810898534,40.98429954635363,39.17886176053352
E-FK01,F8HT,-16.81,-10.08,5.58,19.33,9127.185433,5.85586e-06,49.16,22.9,109.449581,50.983618,"[35.60921349046442, 43.65546161918368, 43.64744799051891, 45.39031600191415]",metrics_E-FK01_F8HT.txt,Results\metrics_E-FK01_F8HT.txt,35.60921349046442,43.65546161918368,43.64744799051891,45.39031600191415
E-FK01,LZ_F1,-16.7,-10.24,5.0,16.12,9127.200646,4.67411e-06,40.63,20.41,90.472265,45.449349,"[23.129044027021997, 44.57732001217846, 44.467928942500095, 51.59875034644018]",metrics_E-FK01_LZ_F1.txt,Results\metrics_E-FK01_LZ_F1.txt,23.129044027021997,44.57732001217846,44.467928942500095,51.59875034644018
E-FK01,LZ_F8,-20.9,-9.04,13.93,13.63,9127.193276,-2.29775e-05,40.04,20.81,89.153223,46.331089,"[23.25667253174848, 36.172901431852544, 36.53849009387734, 56.81018498598833]",metrics_E-FK01_LZ_F8.txt,Results\metrics_E-FK01_LZ_F8.txt,23.25667253174848,36.172901431852544,36.53849009387734,56.81018498598833
E-FK01,PBM11,-21.32,-9.02,14.4,14.01,9127.191632,-2.22474e-05,39.82,22.24,88.660381,49.528497,"[22.37602142172948, 41.40364749971735, 41.57658705733063, 61.937649655934955]",metrics_E-FK01_PBM11.txt,Results\metrics_E-FK01_PBM11.txt,22.37602142172948,41.40364749971735,41.57658705733063,61.937649655934955
E-FK01,PBM18Y,-17.06,-10.1,5.77,18.79,9127.185035,5.2228e-06,46.94,22.2,104.52331,49.427253,"[33.90428318839778, 42.97869032397752, 42.69777444766157, 44.67157916447185]",metrics_E-FK01_PBM18Y.txt,Results\metrics_E-FK01_PBM18Y.txt,33.90428318839778,42.97869032397752,42.69777444766157,44.67157916447185
E-FK01,PBM2Y,-21.4,-9.0,14.51,14.53,9127.191121,-2.22639e-05,42.93,20.88,95.591376,46.495384,"[24.904468843772108, 34.43784641012522, 35.49343306939676, 52.32288844239072]",metrics_E-FK01_PBM2Y.txt,Results\metrics_E-FK01_PBM2Y.txt,24.904468843772108,34.43784641012522,35.49343306939676,52.32288844239072
E-FK01,PBM3,-16.66,-10.23,4.97,16.29,9127.200654,5.34859e-06,40.84,20.36,90.933112,45.324888,"[24.327681736861273, 43.33082856626916, 43.48017535373765, 49.62756757327855]",metrics_E-FK01_PBM3.txt,Results\metrics_E-FK01_PBM3.txt,24.327681736861273,43.33082856626916,43.48017535373765,49.62756757327855
E-FK01,PBM8Y,-16.83,-10.07,5.6,19.44,9127.185443,6.00621e-06,49.94,23.11,111.208484,51.453012,"[36.02050745523266, 43.76637702262266, 43.82908955138295, 45.11507509792521]",metrics_E-FK01_PBM8Y.txt,Results\metrics_E-FK01_PBM8Y.txt,36.02050745523266,43.76637702262266,43.82908955138295,45.11507509792521
E-FK01,SF7,-8.42,-9.86,-1.78,12.04,9127.199488,9.5377e-06,37.81,22.17,84.185646,49.366164,"[6.746334869180464, 48.07965804272485, 47.89751633497505, 72.35527487078599]",metrics_E-FK01_SF7.txt,Results\metrics_E-FK01_SF7.txt,6.746334869180464,48.07965804272485,47.89751633497505,72.35527487078599
E-FKH1,ADF355,-19.58,-9.07,12.36,19.29,9127.189538,-4.72611e-06,59.02,29.07,131.407723,64.719072,"[32.29038796964771, 44.978948025215814, 44.921731645812386, 80.48188751651269]",metrics_E-FKH1_ADF355.txt,Results\metrics_E-FKH1_ADF355.txt,32.29038796964771,44.978948025215814,44.921731645812386,80.48188751651269
E-FKH1,BAFD1,-21.05,-8.98,14.09,17.39,9127.192151,-1.95704e-05,48.36,25.31,107.685228,56.347012,"[29.93442593344715, 46.834039145425514, 46.43296931333744, 68.18168011162199]",metrics_E-FKH1_BAFD1.txt,Results\metrics_E-FKH1_BAFD1.txt,29.93442593344715,46.834039145425514,46.43296931333744,68.18168011162199
E-FKH1,BAFD3,-15.38,-9.22,5.59,19.34,9127.192823,3.73875e-06,43.78,24.84,97.481816,55.309246,"[35.80453592843868, 50.63515292708482, 50.571514127900244, 71.2819817744018]",metrics_E-FKH1_BAFD3.txt,Results\metrics_E-FKH1_BAFD3.txt,35.80453592843868,50.63515292708482,50.571514127900244,71.2819817744018
E-FKH1,C04-38,-14.35,-9.77,3.26,16.84,9127.19869,3.73774e-06,34.91,20.27,77.727462,45.140246,"[26.925852542728006, 45.792700730335696, 45.486256396001636, 54.590230366075104]",metrics_E-FKH1_C04-38.txt,Results\metrics_E-FKH1_C04-38.txt,26.925852542728006,45.792700730335696,45.486256396001636,54.590230366075104
E-FKH1,C20-36,-19.64,-8.79,12.72,14.02,9127.203236,-2.17342e-05,38.86,19.85,86.52739,44.198047,"[21.075596393153262, 34.721530374200455, 34.76962939543801, 54.69026156651855]",metrics_E-FKH1_C20-36.txt,Results\metrics_E-FKH1_C20-36.txt,21.075596393153262,34.721530374200455,34.76962939543801,54.69026156651855
E-FKH1,C26-36,-21.16,-9.05,14.18,12.9,9127.192807,-2.5691e-05,40.11,21.61,89.319236,48.110907,"[28.745965354638386, 39.92831347870816, 40.12997402149591, 59.07139171399981]",metrics_E-FKH1_C26-36.txt,Results\metrics_E-FKH1_C26-36.txt,28.745965354638386,39.92831347870816,40.12997402149591,59.07139171399981
E-FKH1,C37-35,-18.52,-9.04,11.44,12.58,9127.189271,-2.07682e-05,36.42,20.27,81.088553,45.143213,"[19.20146330238685, 40.196540587136916, 40.18288781318966, 56.90776229636421]",metrics_E-FKH1_C37-35.txt,Results\metrics_E-FKH1_C37-35.txt,19.20146330238685,40.196540587136916,40.18288781318966,56.90776229636421
E-FKH1,E-F1,-21.14,-9.04,14.17,12.96,9127.192803,-2.36034e-05,40.02,20.9,89.100491,46.528169,"[26.124728036345072, 37.04283628950701, 37.14967534095946, 57.25079649003793]",metrics_E-FKH1_E-F1.txt,Results\metrics_E-FKH1_E-F1.txt,26.124728036345072,37.04283628950701,37.14967534095946,57.25079649003793
E-FKH1,E-F3,-16.3,-10.43,4.3,15.65,9127.20107,6.72653e-06,41.93,20.43,93.371921,45.479151,"[24.253723892936883, 43.60701763157912, 43.41052822608664, 49.60731629334769]",metrics_E-FKH1_E-F3.txt,Results\metrics_E-FKH1_E-F3.txt,24.253723892936883,43.60701763157912,43.41052822608664,49.60731629334769
E-FKH1,F11,-19.43,-8.89,12.67,13.55,9127.192806,-2.92714e-05,38.83,22.73,86.456482,50.613189,"[26.7919687694666, 45.67922305693983, 46.35532205627499, 63.41383550044544]",metrics_E-FKH1_F11.txt,Results\metrics_E-FKH1_F11.txt,26.7919687694666,45.67922305693983,46.35532205627499,63.41383550044544
E-FKH1,F14HT,-11.47,-10.03,0.76,17.06,9127.19697,5.55045e-06,34.35,21.33,76.486286,47.49648,"[25.494263239568145, 48.391731863370254, 48.47084503209279, 59.0655646361863]",metrics_E-FKH1_F14HT.txt,Results\metrics_E-FKH1_F14HT.txt,25.494263239568145,48.391731863370254,48.47084503209279,59.0655646361863
E-FKH1,F2HT,-19.64,-8.79,12.72,14.1,9127.203241,-2.16215e-05,39.02,19.85,86.888621,44.196208,"[21.310177219369002, 34.815197240632244, 34.7269838742189, 53.66316893734046]",metrics_E-FKH1_F2HT.txt,Results\metrics_E-FKH1_F2HT.txt,21.310177219369002,34.815197240632244,34.7269838742189,53.66316893734046
E-FKH1,F3,-20.13,-8.76,13.23,14.44,9127.204136,-2.16108e-05,40.97,20.25,91.222117,45.078831,"[23.42823747863231, 34.52534167478974, 34.53718629180299, 51.48450083443741]",metrics_E-FKH1_F3.txt,Results\metrics_E-FKH1_F3.txt,23.42823747863231,34.52534167478974,34.53718629180299,51.48450083443741
E-FKH1,F8,-17.1,-10.18,5.66,18.71,9127.185761,5.69477e-06,48.66,22.37,108.344821,49.805391,"[34.305838278333226, 41.35694195195424, 41.478225331457466, 41.03445248202361]",metrics_E-FKH1_F8.txt,Results\metrics_E-FKH1_F8.txt,34.305838278333226,41.35694195195424,41.478225331457466,41.03445248202361
E-FKH1,F8HT,-17.44,-10.18,5.95,18.68,9127.185366,2.68151e-06,45.44,21.79,101.184635,48.512467,"[32.27075041987115, 43.579389100083475, 43.59400722033936, 43.33728542739364]",metrics_E-FKH1_F8HT.txt,Results\metrics_E-FKH1_F8HT.txt,32.27075041987115,43.579389100083475,43.59400722033936,43.33728542739364
E-FKH1,LZ_F1,-16.3,-10.44,4.3,15.47,9127.201057,2.80659e-06,40.29,21.2,89.709529,47.196727,"[20.265165844158012, 47.00167840355454, 46.96994500489021, 54.88258692668336]",metrics_E-FKH1_LZ_F1.txt,Results\metrics_E-FKH1_LZ_F1.txt,20.265165844158012,47.00167840355454,46.96994500489021,54.88258692668336
E-FKH1,LZ_F8,-21.31,-9.05,14.34,12.91,9127.192409,-2.68178e-05,40.46,22.04,90.097079,49.077621,"[30.524761899229524, 41.14651142444853, 41.499055021123716, 60.773854183724005]",metrics_E-FKH1_LZ_F8.txt,Results\metrics_E-FKH1_LZ_F8.txt,30.524761899229524,41.14651142444853,41.499055021123716,60.773854183724005
E-FKH1,PBM11,-19.45,-8.89,12.68,13.46,9127.192795,-2.93365e-05,38.98,22.83,86.787789,50.83775,"[27.344117227774237, 46.21871120056602, 46.274141256955744, 62.610373261604224]",metrics_E-FKH1_PBM11.txt,Results\metrics_E-FKH1_PBM11.txt,27.344117227774237,46.21871120056602,46.274141256955744,62.610373261604224
E-FKH1,PBM18Y,-17.39,-10.2,5.88,18.12,9127.185316,2.2208e-06,43.43,21.63,96.691128,48.151463,"[30.7328211353588, 46.236151476393744, 46.253538519926806, 43.26294032557995]",metrics_E-FKH1_PBM18Y.txt,Results\metrics_E-FKH1_PBM18Y.txt,30.7328211353588,46.236151476393744,46.253538519926806,43.26294032557995
E-FKH1,PBM2Y,-19.65,-8.79,12.73,13.97,9127.203246,-2.19341e-05,38.78,19.88,86.339847,44.268332,"[20.937108858950197, 34.675463060812014, 34.98824278525167, 54.672482587527554]",metrics_E-FKH1_PBM2Y.txt,Results\metrics_E-FKH1_PBM2Y.txt,20.937108858950197,34.675463060812014,34.98824278525167,54.672482587527554
E-FKH1,PBM3,-16.26,-10.43,4.27,15.64,9127.201062,3.46466e-06,40.49,20.94,90.150325,46.625827,"[20.871239826861284, 46.208018612847084, 46.227689129189265, 54.534937985082195]",metrics_E-FKH1_PBM3.txt,Results\metrics_E-FKH1_PBM3.txt,20.871239826861284,46.208018612847084,46.227689129189265,54.534937985082195
E-FKH1,PBM8Y,-19.62,-8.89,11.94,17.74,9127.188197,-1.17351e-05,48.55,27.07,108.111454,60.280062,"[22.903279559148253, 53.11290950480633, 52.65693711850281, 81.40954700909887]",metrics_E-FKH1_PBM8Y.txt,Results\metrics_E-FKH1_PBM8Y.txt,22.903279559148253,53.11290950480633,52.65693711850281,81.40954700909887
E-FKH1,SF7,-19.66,-9.15,12.47,11.35,9127.189462,-1.81586e-05,38.23,21.46,85.117143,47.782587,"[25.26637173334694, 41.76087874834279, 41.953804242787854, 57.831092279644736]",metrics_E-FKH1_SF7.txt,Results\metrics_E-FKH1_SF7.txt,25.26637173334694,41.76087874834279,41.953804242787854,57.831092279644736
FCD1,ADF355,-19.84,-9.09,12.57,20.01,9127.189917,-4.05909e-06,62.13,30.03,138.330086,66.871199,"[34.863447486670616, 44.0984277366021, 44.04121433970428, 79.00991034335394]",metrics_FCD1_ADF355.txt,Results\metrics_FCD1_ADF355.txt,34.863447486670616,44.0984277366021,44.04121433970428,79.00991034335394
FCD1,BAFD1,-20.66,-8.97,13.7,18.1,9127.193035,-1.85966e-05,49.5,26.14,110.208961,58.202235,"[28.941229345992408, 48.21790441402186, 48.05300699516959, 74.58802532652646]",metrics_FCD1_BAFD1.txt,Results\metrics_FCD1_BAFD1.txt,28.941229345992408,48.21790441402186,48.05300699516959,74.58802532652646
FCD1,BAFD3,-15.55,-9.26,5.82,20.09,9127.20134,4.18219e-06,47.19,25.69,105.067207,57.205261,"[37.64629336157821, 51.51990067308007, 51.49363788626405, 71.19078491009304]",metrics_FCD1_BAFD3.txt,Results\metrics_FCD1_BAFD3.txt,37.64629336157821,51.51990067308007,51.49363788626405,71.19078491009304
FCD1,C04-38,-13.77,-9.37,3.78,17.35,9127.185076,2.42205e-06,34.45,20.66,76.715376,46.005367,"[26.595238175749277, 45.25293933072273, 45.436454277406995, 55.630256540876516]",metrics_FCD1_C04-38.txt,Results\metrics_FCD1_C04-38.txt,26.595238175749277,45.25293933072273,45.436454277406995,55.630256540876516
FCD1,C20-36,-21.39,-9.0,14.49,14.59,9127.191115,-2.42365e-05,41.9,20.96,93.304815,46.678699,"[23.455098729076187, 35.72634601947139, 34.781981133734476, 54.41372969296403]",metrics_FCD1_C20-36.txt,Results\metrics_FCD1_C20-36.txt,23.455098729076187,35.72634601947139,34.781981133734476,54.41372969296403
FCD1,C26-36,-20.61,-9.03,13.64,13.64,9127.193681,-2.39915e-05,39.32,20.86,87.544985,46.443942,"[22.96431074203288, 37.410815792926805, 37.23067570210111, 57.17702225092035]",metrics_FCD1_C26-36.txt,Results\metrics_FCD1_C26-36.txt,22.96431074203288,37.410815792926805,37.23067570210111,57.17702225092035
FCD1,C37-35,-19.02,-8.97,11.7,13.25,9127.205534,-1.99895e-05,36.58,19.95,81.443256,44.414887,"[18.867027990585918, 37.6644858243741, 37.84604384190118, 56.13358003738967]",metrics_FCD1_C37-35.txt,Results\metrics_FCD1_C37-35.txt,18.867027990585918,37.6644858243741,37.84604384190118,56.13358003738967
FCD1,E-F1,-20.86,-8.95,13.7,13.69,9127.20257,-2.1697e-05,39.58,20.31,88.135897,45.222385,"[21.118756732897822, 34.691938345527674, 35.2755086337806, 55.404996825503204]",metrics_FCD1_E-F1.txt,Results\metrics_FCD1_E-F1.txt,21.118756732897822,34.691938345527674,35.2755086337806,55.404996825503204
FCD1,E-F3,-16.66,-10.23,4.98,16.31,9127.200653,6.24637e-06,41.07,20.27,91.437904,45.142094,"[25.78467351395235, 41.9445120110383, 41.85266487857967, 46.32472121708162]",metrics_FCD1_E-F3.txt,Results\metrics_FCD1_E-F3.txt,25.78467351395235,41.9445120110383,41.85266487857967,46.32472121708162
FCD1,F11,-21.27,-9.01,14.36,14.12,9127.19166,-2.76889e-05,40.27,23.11,89.66128,51.451324,"[27.13921942530306, 44.62476511018885, 44.68100828012423, 63.79324080642273]",metrics_FCD1_F11.txt,Results\metrics_FCD1_F11.txt,27.13921942530306,44.62476511018885,44.68100828012423,63.79324080642273
FCD1,F14HT,-13.71,-9.85,3.0,17.81,9127.187675,3.93363e-06,35.31,21.6,78.624398,48.103883,"[26.36959630123492, 48.51208723689576, 48.7417012415049, 60.24806743186993]",metrics_FCD1_F14HT.txt,Results\metrics_FCD1_F14HT.txt,26.36959630123492,48.51208723689576,48.7417012415049,60.24806743186993
FCD1,F2HT,-21.38,-9.0,14.49,14.68,9127.19111,-2.41217e-05,42.07,20.97,93.675965,46.687213,"[23.694681073855136, 35.70136875148741, 35.567471310248166, 54.458025270802466]",metrics_FCD1_F2HT.txt,Results\metrics_FCD1_F2HT.txt,23.694681073855136,35.70136875148741,35.567471310248166,54.458025270802466
FCD1,F3,-19.9,-8.77,12.99,15.14,9127.203791,-2.06255e-05,41.82,20.6,93.125257,45.857538,"[24.637791579975506, 35.93964216719387, 34.942126936536525, 48.375622564256815]",metrics_FCD1_F3.txt,Results\metrics_FCD1_F3.txt,24.637791579975506,35.93964216719387,34.942126936536525,48.375622564256815
FCD1,F8,-16.82,-10.07,5.6,19.4,9127.185419,6.24658e-06,50.69,23.23,112.869145,51.718827,"[36.261703746083285, 42.87834410908479, 43.07636610900403, 43.897678145814005]",metrics_FCD1_F8.txt,Results\metrics_FCD1_F8.txt,36.261703746083285,42.87834410908479,43.07636610900403,43.897678145814005
FCD1,F8HT,-16.82,-10.08,5.59,19.35,9127.185427,3.36922e-06,45.88,22.43,102.166802,49.948893,"[34.395902026971896, 44.81953891075254, 44.79438790436533, 48.68206975094711]",metrics_FCD1_F8HT.txt,Results\metrics_FCD1_F8HT.txt,34.395902026971896,44.81953891075254,44.79438790436533,48.68206975094711
FCD1,LZ_F1,-16.7,-10.24,5.0,16.14,9127.200644,2.30331e-06,39.49,20.65,87.933005,45.981542,"[21.118950593690784, 45.43952901592563, 45.714833124311355, 53.20846602599097]",metrics_FCD1_LZ_F1.txt,Results\metrics_FCD1_LZ_F1.txt,21.118950593690784,45.43952901592563,45.714833124311355,53.20846602599097
FCD1,LZ_F8,-20.89,-9.04,13.92,13.65,9127.193267,-2.52702e-05,39.72,21.3,88.436341,47.434291,"[25.20045097386756, 38.82930937371509, 38.60748289797354, 58.72450683388266]",metrics_FCD1_LZ_F8.txt,Results\metrics_FCD1_LZ_F8.txt,25.20045097386756,38.82930937371509,38.60748289797354,58.72450683388266
FCD1,PBM11,-21.28,-9.01,14.37,14.02,9127.191649,-2.76469e-05,40.39,23.19,89.930755,51.644252,"[27.581354490262196, 44.94763094276626, 44.66766448933506, 63.954752175540776]",metrics_FCD1_PBM11.txt,Results\metrics_FCD1_PBM11.txt,27.581354490262196,44.94763094276626,44.66766448933506,63.954752175540776
FCD1,PBM18Y,-17.06,-10.1,5.78,18.81,9127.185021,2.74923e-06,44.44,21.81,98.944261,48.571691,"[33.42215013341701, 44.361429710916, 44.464832459475836, 47.66589100544581]",metrics_FCD1_PBM18Y.txt,Results\metrics_FCD1_PBM18Y.txt,33.42215013341701,44.361429710916,44.464832459475836,47.66589100544581
FCD1,PBM2Y,-21.39,-9.0,14.5,14.55,9127.191116,-2.44437e-05,41.82,20.99,93.117516,46.744132,"[23.314838595826288, 35.98643360418628, 34.4621178011116, 55.0521322546317]",metrics_FCD1_PBM2Y.txt,Results\metrics_FCD1_PBM2Y.txt,23.314838595826288,35.98643360418628,34.4621178011116,55.0521322546317
FCD1,PBM3,-16.66,-10.23,4.98,16.31,9127.200657,2.96892e-06,39.7,20.47,88.404344,45.581498,"[22.307674461342145, 44.84253757354877, 45.271669525256755, 52.176961902017105]",metrics_FCD1_PBM3.txt,Results\metrics_FCD1_PBM3.txt,22.307674461342145,44.84253757354877,45.271669525256755,52.176961902017105
FCD1,PBM8Y,-16.83,-10.07,5.61,19.45,9127.185434,3.51687e-06,46.68,22.61,103.929495,50.337008,"[34.806296288791394, 45.07764098777539, 45.26075808901797, 48.25770919431777]",metrics_FCD1_PBM8Y.txt,Results\metrics_FCD1_PBM8Y.txt,34.806296288791394,45.07764098777539,45.26075808901797,48.25770919431777
FCD1,SF7,-8.43,-9.87,-1.76,12.06,9127.198783,7.22843e-06,38.06,22.83,84.746686,50.842083,"[6.288646648716423, 50.654616435528084, 50.29732004008814, 75.60631060669013]",metrics_FCD1_SF7.txt,Results\metrics_FCD1_SF7.txt,6.288646648716423,50.654616435528084,50.29732004008814,75.60631060669013
FCD1B,ADF355,-19.78,-9.09,12.51,20.04,9127.1899,-4.24741e-06,61.78,29.99,137.552806,66.769079,"[34.79290461424482, 44.42114683995441, 43.89329024469495, 79.18463053942179]",metrics_FCD1B_ADF355.txt,Results\metrics_FCD1B_ADF355.txt,34.79290461424482,44.42114683995441,43.89329024469495,79.18463053942179
FCD1B,BAFD1,-20.7,-8.97,13.74,18.14,9127.192921,-1.88386e-05,49.45,26.14,110.10153,58.201977,"[29.155961348423446, 48.15209640314369, 48.058959891211195, 74.09916167609629]",metrics_FCD1B_BAFD1.txt,Results\metrics_FCD1B_BAFD1.txt,29.155961348423446,48.15209640314369,48.058959891211195,74.09916167609629
FCD1B,BAFD3,-15.4,-9.26,5.68,20.13,9127.201113,4.13039e-06,46.71,25.72,104.013171,57.268883,"[37.679564008392234, 51.757338412826925, 51.758398090978446, 71.45216063280523]",metrics_FCD1B_BAFD3.txt,Results\metrics_FCD1B_BAFD3.txt,37.679564008392234,51.757338412826925,51.758398090978446,71.45216063280523
FCD1B,C04-38,-13.94,-9.36,3.97,17.38,9127.18495,1.94619e-06,34.51,20.58,76.845899,45.826874,"[26.969833891734847, 45.074409770353824, 45.00067832003858, 55.10046429394956]",metrics_FCD1B_C04-38.txt,Results\metrics_FCD1B_C04-38.txt,26.969833891734847,45.074409770353824,45.00067832003858,55.10046429394956
FCD1B,C20-36,-21.35,-9.0,14.47,14.64,9127.19109,-2.44072e-05,41.78,20.96,93.018972,46.678783,"[23.30661114399942, 35.91683143942696, 34.535792384249234, 54.8261337072383]",metrics_FCD1B_C20-36.txt,Results\metrics_FCD1B_C20-36.txt,23.30661114399942,35.91683143942696,34.535792384249234,54.8261337072383
FCD1B,C26-36,-20.95,-8.95,13.78,13.67,9127.202661,-2.40494e-05,39.48,20.96,87.908264,46.671208,"[23.767546047274728, 37.82827225775132, 37.68574757501706, 57.69374310613591]",metrics_FCD1B_C26-36.txt,Results\metrics_FCD1B_C26-36.txt,23.767546047274728,37.82827225775132,37.68574757501706,57.69374310613591
FCD1B,C37-35,-19.01,-9.08,11.9,13.28,9127.189134,-2.09644e-05,36.87,20.18,82.103245,44.942286,"[19.462058858434162, 38.77394977693661, 38.507329093214636, 56.665102587562885]",metrics_FCD1B_C37-35.txt,Results\metrics_FCD1B_C37-35.txt,19.462058858434162,38.77394977693661,38.507329093214636,56.665102587562885
FCD1B,E-F1,-20.92,-8.95,13.76,13.73,9127.202655,-2.20101e-05,39.58,20.38,88.119597,45.384903,"[21.185159470095083, 34.85736972705042, 34.90481524994495, 55.78260149411602]",metrics_FCD1B_E-F1.txt,Results\metrics_FCD1B_E-F1.txt,21.185159470095083,34.85736972705042,34.90481524994495,55.78260149411602
FCD1B,E-F3,-16.83,-10.29,5.25,16.36,9127.194324,5.53078e-06,41.21,20.37,91.758046,45.349048,"[24.687124590289322, 41.77335066695092, 41.72151491543634, 47.57230859004813]",metrics_FCD1B_E-F3.txt,Results\metrics_FCD1B_E-F3.txt,24.687124590289322,41.77335066695092,41.72151491543634,47.57230859004813
FCD1B,F11,-18.8,-8.78,11.89,14.33,9127.202263,-2.69051e-05,37.27,21.59,82.979443,48.072896,"[22.96496684740633, 43.502002232173155, 43.50303711729407, 61.21560671991874]",metrics_FCD1B_F11.txt,Results\metrics_FCD1B_F11.txt,22.96496684740633,43.502002232173155,43.50303711729407,61.21560671991874
FCD1B,F14HT,-14.68,-9.9,3.98,17.87,9127.186968,2.55464e-06,36.1,21.46,80.376493,47.772346,"[29.09222703560611, 47.78112332975173, 48.11097540746313, 59.085399239459484]",metrics_FCD1B_F14HT.txt,Results\metrics_FCD1B_F14HT.txt,29.09222703560611,47.78112332975173,48.11097540746313,59.085399239459484
FCD1B,F2HT,-21.34,-8.99,14.46,14.72,9127.19108,-2.42891e-05,41.94,20.96,93.383652,46.680063,"[23.54485203856428, 35.779236754782204, 35.29751532164562, 54.78258322450931]",metrics_FCD1B_F2HT.txt,Results\metrics_FCD1B_F2HT.txt,23.54485203856428,35.779236754782204,35.29751532164562,54.78258322450931
FCD1B,F3,-21.44,-8.96,14.62,15.09,9127.19013,-2.37678e-05,43.54,21.25,96.949169,47.308548,"[25.527795620646092, 35.743348602792395, 35.398234003734444, 51.384064449471225]",metrics_FCD1B_F3.txt,Results\metrics_FCD1B_F3.txt,25.527795620646092,35.743348602792395,35.398234003734444,51.384064449471225
FCD1B,F8,-15.93,-10.09,4.78,19.41,9127.186593,6.55624e-06,48.76,23.22,108.572239,51.691322,"[36.61859521279278, 45.38372102895696, 45.33633533060465, 49.7309297814622]",metrics_FCD1B_F8.txt,Results\metrics_FCD1B_F8.txt,36.61859521279278,45.38372102895696,45.33633533060465,49.7309297814622
FCD1B,F8HT,-15.92,-10.09,4.77,19.36,9127.186574,3.69417e-06,43.93,22.64,97.824718,50.402512,"[33.40763006389228, 48.07669376509972, 47.515221764958085, 53.283769492990345]",metrics_FCD1B_F8HT.txt,Results\metrics_FCD1B_F8HT.txt,33.40763006389228,48.07669376509972,47.515221764958085,53.283769492990345
FCD1B,LZ_F1,-16.91,-10.23,5.2,16.18,9127.20068,1.96508e-06,39.59,20.68,88.155144,46.043659,"[21.149390718055965, 45.43069957604599, 45.37113898789684, 54.10340011247208]",metrics_FCD1B_LZ_F1.txt,Results\metrics_FCD1B_LZ_F1.txt,21.149390718055965,45.43069957604599,45.37113898789684,54.10340011247208
FCD1B,LZ_F8,-20.89,-9.03,13.92,13.68,9127.193184,-2.54971e-05,39.71,21.36,88.427921,47.554161,"[25.411457187736957, 39.069166827430365, 38.926882150113414, 58.91734520346486]",metrics_FCD1B_LZ_F8.txt,Results\metrics_FCD1B_LZ_F8.txt,25.411457187736957,39.069166827430365,38.926882150113414,58.91734520346486
FCD1B,PBM11,-18.62,-8.85,11.85,14.25,9127.193758,-2.71469e-05,37.36,21.69,83.17576,48.29151,"[23.042250198001376, 43.85419406962028, 43.89903007751653, 61.523745666422826]",metrics_FCD1B_PBM11.txt,Results\metrics_FCD1B_PBM11.txt,23.042250198001376,43.85419406962028,43.89903007751653,61.523745666422826
FCD1B,PBM18Y,-15.75,-9.89,4.57,18.7,9127.203741,3.5551e-06,40.65,22.15,90.503615,49.320911,"[31.376563074386453, 47.819361206429065, 48.2777370455195, 56.052188396775115]",metrics_FCD1B_PBM18Y.txt,Results\metrics_FCD1B_PBM18Y.txt,31.376563074386453,47.819361206429065,48.2777370455195,56.052188396775115
FCD1B,PBM2Y,-21.36,-9.0,14.47,14.59,9127.191101,-2.46153e-05,41.69,20.99,92.833639,46.747479,"[23.166761397579094, 36.04009526414487, 34.633351694832676, 55.417575158705006]",metrics_FCD1B_PBM2Y.txt,Results\metrics_FCD1B_PBM2Y.txt,23.166761397579094,36.04009526414487,34.633351694832676,55.417575158705006
FCD1B,PBM3,-16.83,-10.29,5.25,16.36,9127.194324,2.25433e-06,39.84,20.55,88.710122,45.752412,"[21.249154726193517, 45.03405010572435, 45.17579109047528, 53.62142760229695]",metrics_FCD1B_PBM3.txt,Results\metrics_FCD1B_PBM3.txt,21.249154726193517,45.03405010572435,45.17579109047528,53.62142760229695
FCD1B,PBM8Y,-15.94,-10.09,4.79,19.46,9127.186597,3.8428e-06,44.73,22.79,99.586803,50.750297,"[33.84733493024914, 47.61123139832836, 47.50962880848091, 53.06879764454885]",metrics_FCD1B_PBM8Y.txt,Results\metrics_FCD1B_PBM8Y.txt,33.84733493024914,47.61123139832836,47.50962880848091,53.06879764454885
FCD1B,SF7,-19.71,-9.17,12.5,12.09,9127.189965,-1.44154e-05,37.59,20.68,83.69498,46.05661,"[18.733439942121393, 39.8502741260342, 39.57051526269393, 57.092091691165336]",metrics_FCD1B_SF7.txt,Results\metrics_FCD1B_SF7.txt,18.733439942121393,39.8502741260342,39.57051526269393,57.092091691165336
FK51,ADF355,-16.54,-9.6,7.19,18.26,9127.194902,8.18136e-06,50.69,22.82,112.869821,50.803757,"[36.03287259353971, 35.77894198703987, 35.89920430316152, 29.831369780256544]",metrics_FK51_ADF355.txt,Results\metrics_FK51_ADF355.txt,36.03287259353971,35.77894198703987,35.89920430316152,29.831369780256544
FK51,BAFD1,-19.78,-9.22,12.31,16.03,9127.19183,-9.94286e-06,40.24,20.51,89.605711,45.678313,"[21.727635943604028, 37.822259045285634, 37.085867596546024, 48.01348184995102]",metrics_FK51_BAFD1.txt,Results\metrics_FK51_BAFD1.txt,21.727635943604028,37.822259045285634,37.085867596546024,48.01348184995102
FK51,BAFD3,-17.39,-8.74,10.15,17.58,9127.205355,-1.20846e-05,47.71,25.35,106.233439,56.43393,"[22.360745891065577, 52.45265805726879, 52.688322779916376, 73.97277291627127]",metrics_FK51_BAFD3.txt,Results\metrics_FK51_BAFD3.txt,22.360745891065577,52.45265805726879,52.688322779916376,73.97277291627127
FK51,C04-38,-17.13,-8.74,9.94,15.07,9127.205286,-1.44335e-05,38.35,19.72,85.384985,43.912237,"[22.773487958453888, 36.085639628149764, 35.86230889170276, 48.90485256712165]",metrics_FK51_C04-38.txt,Results\metrics_FK51_C04-38.txt,22.773487958453888,36.085639628149764,35.86230889170276,48.90485256712165
FK51,C20-36,-19.83,-9.09,12.26,12.47,9127.204452,-1.76324e-05,37.2,20.25,82.825054,45.088889,"[19.94395654466352, 39.030449447271266, 38.948056973879176, 56.81261070921953]",metrics_FK51_C20-36.txt,Results\metrics_FK51_C20-36.txt,19.94395654466352,39.030449447271266,38.948056973879176,56.81261070921953
FK51,C26-36,-17.77,-9.08,10.18,11.57,9127.201842,-1.54629e-05,35.89,20.63,79.907915,45.929948,"[17.5767647947756, 43.23277686569885, 42.912760391617354, 59.12042838356319]",metrics_FK51_C26-36.txt,Results\metrics_FK51_C26-36.txt,17.5767647947756,43.23277686569885,42.912760391617354,59.12042838356319
FK51,C37-35,-19.14,-9.72,9.93,10.86,9127.194142,-1.05134e-05,40.0,23.53,89.075004,52.402537,"[16.55654058464841, 50.224626614414454, 50.04809482709131, 69.1626248081804]",metrics_FK51_C37-35.txt,Results\metrics_FK51_C37-35.txt,16.55654058464841,50.224626614414454,50.04809482709131,69.1626248081804
FK51,E-F1,-17.75,-9.08,10.17,11.63,9127.201841,-1.37353e-05,35.26,19.58,78.505691,43.606561,"[15.33954620806219, 40.855696968787385, 40.86786456069338, 54.60946861451927]",metrics_FK51_E-F1.txt,Results\metrics_FK51_E-F1.txt,15.33954620806219,40.855696968787385,40.86786456069338,54.60946861451927
FK51,E-F3,-18.25,-9.03,11.07,13.54,9127.190092,-1.52949e-05,37.69,18.61,83.930104,41.435881,"[21.205621582599335, 33.54030953783831, 33.32610278093706, 47.45457379955201]",metrics_FK51_E-F3.txt,Results\metrics_FK51_E-F3.txt,21.205621582599335,33.54030953783831,33.32610278093706,47.45457379955201
FK51,F11,-19.99,-9.23,12.58,11.96,9127.190965,-2.47763e-05,43.48,25.53,96.807289,56.849997,"[22.111042867678854, 53.64345445388565, 53.48168723514275, 75.24065973990719]",metrics_FK51_F11.txt,Results\metrics_FK51_F11.txt,22.111042867678854,53.64345445388565,53.48168723514275,75.24065973990719
FK51,F14HT,-16.58,-8.79,9.58,15.29,9127.188418,-1.42039e-05,38.48,20.36,85.685196,45.328842,"[22.27910617101706, 37.87544469907971, 37.6211125474972, 53.99303715551355]",metrics_FK51_F14HT.txt,Results\metrics_FK51_F14HT.txt,22.27910617101706,37.87544469907971,37.6211125474972,53.99303715551355
FK51,F2HT,-19.74,-9.09,12.18,12.57,9127.204385,-1.74237e-05,37.0,20.08,82.387733,44.715823,"[19.007796052209596, 38.437160052829526, 38.729785463273366, 56.212334291221836]",metrics_FK51_F2HT.txt,Results\metrics_FK51_F2HT.txt,19.007796052209596,38.437160052829526,38.729785463273366,56.212334291221836
FK51,F3,-19.21,-9.01,11.74,12.98,9127.204666,-1.91064e-05,36.67,19.47,81.657804,43.354804,"[18.396871168950863, 34.57422616561118, 34.57106076374325, 53.44435593802765]",metrics_FK51_F3.txt,Results\metrics_FK51_F3.txt,18.396871168950863,34.57422616561118,34.57106076374325,53.44435593802765
FK51,F8,-20.12,-8.77,13.09,16.27,9127.202647,-1.72276e-05,48.86,25.54,108.800759,56.870401,"[27.266525164631126, 47.93580826823017, 48.03998635674567, 73.1713676549652]",metrics_FK51_F8.txt,Results\metrics_FK51_F8.txt,27.266525164631126,47.93580826823017,48.03998635674567,73.1713676549652
FK51,F8HT,-20.12,-8.77,13.1,16.22,9127.202657,-1.93128e-05,46.52,24.15,103.579823,53.774507,"[28.857030695614856, 44.45500705076641, 44.015512430301214, 67.59170785627803]",metrics_FK51_F8HT.txt,Results\metrics_FK51_F8HT.txt,28.857030695614856,44.45500705076641,44.015512430301214,67.59170785627803
FK51,LZ_F1,-18.26,-9.03,11.08,13.38,9127.1901,-1.9115e-05,35.83,19.15,79.778429,42.647475,"[18.24180876813177, 34.252472088747695, 34.292000645270186, 52.59973383250606]",metrics_FK51_LZ_F1.txt,Results\metrics_FK51_LZ_F1.txt,18.24180876813177,34.252472088747695,34.292000645270186,52.59973383250606
FK51,LZ_F8,-19.96,-9.28,12.47,11.45,9127.19202,-1.96012e-05,38.99,22.62,86.811917,50.371793,"[27.06671718653684, 44.790149011302724, 44.985298820491984, 62.724400821377415]",metrics_FK51_LZ_F8.txt,Results\metrics_FK51_LZ_F8.txt,27.06671718653684,44.790149011302724,44.985298820491984,62.724400821377415
FK51,PBM11,-19.99,-9.23,12.58,11.87,9127.190967,-2.46953e-05,43.75,25.68,97.413615,57.181488,"[21.75491857929773, 53.84859701727865, 53.90826379061186, 75.67558767939414]",metrics_FK51_PBM11.txt,Results\metrics_FK51_PBM11.txt,21.75491857929773,53.84859701727865,53.90826379061186,75.67558767939414
FK51,PBM18Y,-20.18,-8.78,13.15,15.74,9127.202628,-1.96768e-05,45.37,23.11,101.014814,51.460294,"[28.412087446555077, 40.935438737908605, 41.11252667340022, 62.71025885242473]",metrics_FK51_PBM18Y.txt,Results\metrics_FK51_PBM18Y.txt,28.412087446555077,40.935438737908605,41.11252667340022,62.71025885242473
FK51,PBM2Y,-19.83,-9.09,12.26,12.43,9127.204457,-1.76802e-05,37.21,20.32,82.848114,45.243984,"[19.97419612221396, 39.23376592870716, 39.060499634922905, 56.83208564175884]",metrics_FK51_PBM2Y.txt,Results\metrics_FK51_PBM2Y.txt,19.97419612221396,39.23376592870716,39.060499634922905,56.83208564175884
FK51,PBM3,-18.25,-9.03,11.07,13.53,9127.190102,-1.83992e-05,36.18,18.98,80.563304,42.271142,"[18.837574438313613, 34.23142717327623, 34.42338675089697, 51.22292147602997]",metrics_FK51_PBM3.txt,Results\metrics_FK51_PBM3.txt,18.837574438313613,34.23142717327623,34.42338675089697,51.22292147602997
FK51,PBM8Y,-20.11,-8.77,13.08,16.32,9127.202657,-1.92103e-05,46.85,24.45,104.325012,54.437122,"[28.775495403388593, 45.06341650328932, 44.399441378268634, 69.14554309421263]",metrics_FK51_PBM8Y.txt,Results\metrics_FK51_PBM8Y.txt,28.775495403388593,45.06341650328932,44.399441378268634,69.14554309421263
FK51,SF7,-18.09,-9.74,8.74,9.65,9127.194473,-7.46536e-06,40.8,24.48,90.847949,54.510994,"[11.385400798343506, 52.119130436072595, 52.86543522158325, 72.03224796708861]",metrics_FK51_SF7.txt,Results\metrics_FK51_SF7.txt,11.385400798343506,52.119130436072595,52.86543522158325,72.03224796708861
FK52,ADF355,-14.68,-9.31,5.0,20.37,9127.218223,1.32308e-05,59.14,26.99,131.685539,60.099592,"[43.198073575116126, 38.9494616555947, 39.15975228926182, 40.83274152525037]",metrics_FK52_ADF355.txt,Results\metrics_FK52_ADF355.txt,43.198073575116126,38.9494616555947,39.15975228926182,40.83274152525037
FK52,BAFD1,-17.09,-9.03,9.69,18.11,9127.193844,-3.93446e-06,43.32,25.43,96.453893,56.62086,"[27.493323379434997, 53.624649522054625, 53.52473452396447, 74.70780159506121]",metrics_FK52_BAFD1.txt,Results\metrics_FK52_BAFD1.txt,27.493323379434997,53.624649522054625,53.52473452396447,74.70780159506121
FK52,BAFD3,-16.95,-8.8,9.89,19.56,9127.189039,-6.75586e-06,54.99,28.92,122.443729,64.385097,"[32.89889714917803, 54.89448370131787, 54.9023458474565, 86.86934043900511]",metrics_FK52_BAFD3.txt,Results\metrics_FK52_BAFD3.txt,32.89889714917803,54.89448370131787,54.9023458474565,86.86934043900511
FK52,C04-38,-17.0,-8.83,10.0,17.04,9127.188278,-1.3499e-05,43.77,24.34,97.463653,54.198237,"[22.178503638569598, 48.89855504100946, 48.80071428661192, 71.26154081964296]",metrics_FK52_C04-38.txt,Results\metrics_FK52_C04-38.txt,22.178503638569598,48.89855504100946,48.80071428661192,71.26154081964296
FK52,C20-36,-19.78,-9.09,12.21,14.52,9127.204451,-1.25047e-05,37.63,19.11,83.786836,42.56085,"[18.16690074677777, 33.53437088307649, 33.833321883493554, 52.84311002233733]",metrics_FK52_C20-36.txt,Results\metrics_FK52_C20-36.txt,18.16690074677777,33.53437088307649,33.833321883493554,52.84311002233733
FK52,C26-36,-19.78,-9.28,12.28,13.5,9127.192314,-1.6386e-05,37.45,20.02,83.380612,44.57114,"[17.017119524526617, 37.88650257150732, 37.65835312119053, 55.22306344004705]",metrics_FK52_C26-36.txt,Results\metrics_FK52_C26-36.txt,17.017119524526617,37.88650257150732,37.65835312119053,55.22306344004705
FK52,C37-35,-17.89,-9.69,8.61,13.06,9127.194566,-6.4988e-06,36.75,20.38,81.821262,45.383936,"[12.189927040354487, 42.9875352348777, 42.84895671838706, 57.82044647792179]",metrics_FK52_C37-35.txt,Results\metrics_FK52_C37-35.txt,12.189927040354487,42.9875352348777,42.84895671838706,57.82044647792179
FK52,E-F1,-19.77,-9.28,12.28,13.56,9127.192306,-1.45819e-05,37.5,19.41,83.507208,43.221576,"[17.77825348463075, 34.415037922156415, 34.42909386118227, 52.68746756772747]",metrics_FK52_E-F1.txt,Results\metrics_FK52_E-F1.txt,17.77825348463075,34.415037922156415,34.42909386118227,52.68746756772747
FK52,E-F3,-18.32,-9.03,11.14,15.54,9127.18995,-1.3568e-05,42.06,20.92,93.641759,46.588909,"[23.21676293778874, 37.61871576924453, 37.78725936800828, 52.39516946978502]",metrics_FK52_E-F3.txt,Results\metrics_FK52_E-F3.txt,23.21676293778874,37.61871576924453,37.78725936800828,52.39516946978502
FK52,F11,-19.93,-9.23,12.52,14.01,9127.19098,-2.24749e-05,38.43,22.34,85.577207,49.733688,"[20.11872752117411, 46.17891692837776, 46.0479227380468, 61.60773099508843]",metrics_FK52_F11.txt,Results\metrics_FK52_F11.txt,20.11872752117411,46.17891692837776,46.0479227380468,61.60773099508843
FK52,F14HT,-16.61,-8.78,9.63,17.25,9127.188207,-1.29499e-05,44.75,24.95,99.635101,55.544923,"[21.459796869972834, 51.882891734152906, 51.789359275524816, 72.67684733080081]",metrics_FK52_F14HT.txt,Results\metrics_FK52_F14HT.txt,21.459796869972834,51.882891734152906,51.789359275524816,72.67684733080081
FK52,F2HT,-19.78,-9.09,12.21,14.61,9127.204462,-1.2382e-05,37.77,19.11,84.108077,42.549038,"[18.407321361073855, 33.80687900453904, 33.744038998734936, 51.266772903142524]",metrics_FK52_F2HT.txt,Results\metrics_FK52_F2HT.txt,18.407321361073855,33.80687900453904,33.744038998734936,51.266772903142524
FK52,F3,-19.18,-9.01,11.71,15.0,9127.204674,-1.66712e-05,39.45,19.53,87.838851,43.481701,"[22.681793922640455, 35.81909376321008, 35.518553524944835, 46.45682900151123]",metrics_FK52_F3.txt,Results\metrics_FK52_F3.txt,22.681793922640455,35.81909376321008,35.518553524944835,46.45682900151123
FK52,F8,-19.58,-8.73,12.58,18.26,9127.202328,-1.13719e-05,55.53,28.67,123.651883,63.842756,"[23.610151488859525, 54.63782932700319, 54.57039000387769, 86.62202535802689]",metrics_FK52_F8.txt,Results\metrics_FK52_F8.txt,23.610151488859525,54.63782932700319,54.57039000387769,86.62202535802689
FK52,F8HT,-19.58,-8.73,12.59,18.22,9127.202329,-1.35864e-05,52.44,28.25,116.767198,62.895933,"[24.202210179218532, 57.21076543984917, 57.45013119879687, 83.50894709517215]",metrics_FK52_F8HT.txt,Results\metrics_FK52_F8HT.txt,24.202210179218532,57.21076543984917,57.45013119879687,83.50894709517215
FK52,LZ_F1,-18.32,-9.03,11.14,15.39,9127.189963,-1.70071e-05,39.61,19.86,88.185642,44.222606,"[23.08300700244701, 36.818396046484544, 36.29879281949075, 45.718610414571515]",metrics_FK52_LZ_F1.txt,Results\metrics_FK52_LZ_F1.txt,23.08300700244701,36.818396046484544,36.29879281949075,45.718610414571515
FK52,LZ_F8,-19.89,-9.28,12.4,13.51,9127.192028,-1.73251e-05,37.63,20.37,83.78625,45.350806,"[17.627399407567744, 39.33533189347149, 38.76962066388541, 56.50922241209486]",metrics_FK52_LZ_F8.txt,Results\metrics_FK52_LZ_F8.txt,17.627399407567744,39.33533189347149,38.76962066388541,56.50922241209486
FK52,PBM11,-19.74,-9.22,12.35,13.93,9127.191152,-2.22675e-05,38.33,22.32,85.339804,49.688541,"[19.917516290297314, 46.32104471756435, 46.372280067563494, 61.792501580235786]",metrics_FK52_PBM11.txt,Results\metrics_FK52_PBM11.txt,19.917516290297314,46.32104471756435,46.372280067563494,61.792501580235786
FK52,PBM18Y,-20.44,-8.89,13.54,17.72,9127.192907,-1.56353e-05,51.25,27.85,114.10669,62.021332,"[26.420814240079302, 54.523123812002964, 54.123097807322125, 81.6183462557116]",metrics_FK52_PBM18Y.txt,Results\metrics_FK52_PBM18Y.txt,26.420814240079302,54.523123812002964,54.123097807322125,81.6183462557116
FK52,PBM2Y,-19.79,-9.09,12.22,14.47,9127.204467,-1.27208e-05,37.56,19.15,83.63048,42.637053,"[18.02717668382953, 33.82937611860277, 33.899795425663626, 53.74522738011436]",metrics_FK52_PBM2Y.txt,Results\metrics_FK52_PBM2Y.txt,18.02717668382953,33.82937611860277,33.899795425663626,53.74522738011436
FK52,PBM3,-18.31,-9.03,11.13,15.54,9127.189963,-1.63784e-05,40.09,20.0,89.268496,44.525567,"[23.717241149842096, 36.45605391149932, 36.288229687246925, 46.936132696695125]",metrics_FK52_PBM3.txt,Results\metrics_FK52_PBM3.txt,23.717241149842096,36.45605391149932,36.288229687246925,46.936132696695125
FK52,PBM8Y,-19.57,-8.73,12.57,18.31,9127.202334,-1.34626e-05,52.93,28.39,117.844538,63.223834,"[24.10501005038072, 57.78361474714745, 57.430458726797646, 84.22948633717675]",metrics_FK52_PBM8Y.txt,Results\metrics_FK52_PBM8Y.txt,24.10501005038072,57.78361474714745,57.430458726797646,84.22948633717675
FK52,SF7,-18.01,-9.75,8.64,11.83,9127.194395,-4.90194e-06,37.66,21.21,83.855238,47.236517,"[9.49390765959238, 45.2084045317692, 44.947950955942986, 59.89727810177879]",metrics_FK52_SF7.txt,Results\metrics_FK52_SF7.txt,9.49390765959238,45.2084045317692,44.947950955942986,59.89727810177879
FPL51,ADF355,-8.24,-9.23,-1.04,20.4,9127.198073,1.91827e-05,50.72,27.44,112.924201,61.101801,"[39.14226660930674, 46.4529381601207, 46.33449427904141, 50.078917100767555]",metrics_FPL51_ADF355.txt,Results\metrics_FPL51_ADF355.txt,39.14226660930674,46.4529381601207,46.33449427904141,50.078917100767555
FPL51,BAFD1,-20.61,-8.97,13.65,18.1,9127.193084,-1.82683e-05,49.45,26.07,110.104371,58.041648,"[28.64498219503755, 48.30377362011144, 48.03161786431893, 74.28287540135719]",metrics_FPL51_BAFD1.txt,Results\metrics_FPL51_BAFD1.txt,28.64498219503755,48.30377362011144,48.03161786431893,74.28287540135719
FPL51,BAFD3,-15.55,-9.26,5.82,20.09,9127.201336,4.45814e-06,47.21,25.61,105.109961,57.032195,"[37.56877313547635, 51.25478768734922, 51.12000405965982, 70.74352502625257]",metrics_FPL51_BAFD3.txt,Results\metrics_FPL51_BAFD3.txt,37.56877313547635,51.25478768734922,51.12000405965982,70.74352502625257
FPL51,C04-38,-13.77,-9.37,3.78,17.34,9127.185264,2.70079e-06,34.48,20.61,76.769584,45.894149,"[26.685982597889083, 45.05224807313703, 45.24084168394738, 55.514233833332824]",metrics_FPL51_C04-38.txt,Results\metrics_FPL51_C04-38.txt,26.685982597889083,45.05224807313703,45.24084168394738,55.514233833332824
FPL51,C20-36,-21.39,-9.0,14.5,14.59,9127.191124,-2.39748e-05,41.93,20.93,93.37101,46.595602,"[23.518783323783452, 35.74386894682951, 34.58127967624512, 54.102976141086096]",metrics_FPL51_C20-36.txt,Results\metrics_FPL51_C20-36.txt,23.518783323783452,35.74386894682951,34.58127967624512,54.102976141086096
FPL51,C26-36,-20.62,-9.03,13.65,13.64,9127.193683,-2.37346e-05,39.36,20.82,87.63296,46.36547,"[23.120878679566026, 37.0722780907616, 37.16991232887145, 57.059422555844606]",metrics_FPL51_C26-36.txt,Results\metrics_FPL51_C26-36.txt,23.120878679566026,37.0722780907616,37.16991232887145,57.059422555844606
FPL51,C37-35,-19.03,-8.97,11.71,13.25,9127.205534,-1.97407e-05,36.62,19.91,81.539519,44.333772,"[18.717916302948225, 37.54599917550689, 37.643049320018875, 55.836404736717576]",metrics_FPL51_C37-35.txt,Results\metrics_FPL51_C37-35.txt,18.717916302948225,37.54599917550689,37.643049320018875,55.836404736717576
FPL51,E-F1,-20.81,-8.95,13.65,13.69,9127.202531,-2.13657e-05,39.55,20.25,88.071397,45.081637,"[21.15942310459723, 34.449312487769205, 35.12864424650847, 55.15931353458168]",metrics_FPL51_E-F1.txt,Results\metrics_FPL51_E-F1.txt,21.15942310459723,34.449312487769205,35.12864424650847,55.15931353458168
FPL51,E-F3,-16.66,-10.23,4.97,16.31,9127.200653,6.53548e-06,41.11,20.24,91.547522,45.074783,"[25.634901072512708, 41.31731840445952, 41.63491886733778, 46.2648498692622]",metrics_FPL51_E-F3.txt,Results\metrics_FPL51_E-F3.txt,25.634901072512708,41.31731840445952,41.63491886733778,46.2648498692622
FPL51,F11,-21.28,-9.01,14.36,14.11,9127.191662,-2.73767e-05,40.25,23.06,89.613585,51.337592,"[27.237391656531035, 44.4111869986362, 44.571065131843, 63.0823045933157]",metrics_FPL51_F11.txt,Results\metrics_FPL51_F11.txt,27.237391656531035,44.4111869986362,44.571065131843,63.0823045933157
FPL51,F14HT,-13.71,-9.85,3.0,17.8,9127.187661,4.20849e-06,35.33,21.55,78.674572,47.990194,"[26.473266416887796, 48.17835279440979, 48.55794556105448, 60.00582462131435]",metrics_FPL51_F14HT.txt,Results\metrics_FPL51_F14HT.txt,26.473266416887796,48.17835279440979,48.55794556105448,60.00582462131435
FPL51,F2HT,-21.39,-9.0,14.5,14.68,9127.191103,-2.38688e-05,42.11,20.93,93.758567,46.610806,"[23.761316882791277, 35.50880104092815, 35.382158798605666, 54.351221472920294]",metrics_FPL51_F2HT.txt,Results\metrics_FPL51_F2HT.txt,23.761316882791277,35.50880104092815,35.382158798605666,54.351221472920294
FPL51,F3,-19.8,-8.77,12.89,15.15,9127.203675,-2.02133e-05,41.76,20.53,92.976687,45.703411,"[24.649253403688803, 35.837416579251, 34.672056625970995, 48.2908804803447]",metrics_FPL51_F3.txt,Results\metrics_FPL51_F3.txt,24.649253403688803,35.837416579251,34.672056625970995,48.2908804803447
FPL51,F8,-16.82,-10.07,5.59,19.39,9127.185433,6.53335e-06,50.71,23.19,112.90315,51.63632,"[36.172853104595504, 42.53444680679044, 42.62556009150062, 43.45401386236999]",metrics_FPL51_F8.txt,Results\metrics_FPL51_F8.txt,36.172853104595504,42.53444680679044,42.62556009150062,43.45401386236999
FPL51,F8HT,-16.81,-10.08,5.58,19.34,9127.185438,3.65472e-06,45.9,22.37,102.200792,49.818993,"[34.307013141345436, 44.68803039010123, 44.51432279696826, 47.96807094289808]",metrics_FPL51_F8HT.txt,Results\metrics_FPL51_F8HT.txt,34.307013141345436,44.68803039010123,44.51432279696826,47.96807094289808
FPL51,LZ_F1,-16.7,-10.24,5.0,16.13,9127.200649,2.59328e-06,39.54,20.6,88.042176,45.866157,"[21.038455877448726, 45.37138819805155, 45.25070323894673, 53.05036040664643]",metrics_FPL51_LZ_F1.txt,Results\metrics_FPL51_LZ_F1.txt,21.038455877448726,45.37138819805155,45.25070323894673,53.05036040664643
FPL51,LZ_F8,-20.9,-9.04,13.92,13.64,9127.193266,-2.50123e-05,39.75,21.27,88.518024,47.352785,"[25.35691449355268, 38.61251667308272, 38.57986547562042, 58.27495639583906]",metrics_FPL51_LZ_F8.txt,Results\metrics_FPL51_LZ_F8.txt,25.35691449355268,38.61251667308272,38.57986547562042,58.27495639583906
FPL51,PBM11,-21.23,-9.01,14.32,14.02,9127.191714,-2.73882e-05,40.29,23.11,89.709699,51.4568,"[27.586641861895448, 44.62229828291759, 44.5304688879026, 63.52558607220422]",metrics_FPL51_PBM11.txt,Results\metrics_FPL51_PBM11.txt,27.586641861895448,44.62229828291759,44.5304688879026,63.52558607220422
FPL51,PBM18Y,-17.06,-10.1,5.77,18.8,9127.185032,3.03475e-06,44.5,21.75,99.090167,48.439964,"[33.272901725214766, 43.75231991916222, 43.86795778207341, 46.885034477067904]",metrics_FPL51_PBM18Y.txt,Results\metrics_FPL51_PBM18Y.txt,33.272901725214766,43.75231991916222,43.86795778207341,46.885034477067904
FPL51,PBM2Y,-21.4,-9.0,14.51,14.55,9127.191123,-2.41846e-05,41.85,20.96,93.188395,46.662592,"[23.37935222605567, 35.83668256232977, 34.36490389274341, 54.97437910236353]",metrics_FPL51_PBM2Y.txt,Results\metrics_FPL51_PBM2Y.txt,23.37935222605567,35.83668256232977,34.36490389274341,54.97437910236353
FPL51,PBM3,-16.66,-10.23,4.97,16.3,9127.20066,3.25575e-06,39.75,20.42,88.515661,45.474156,"[22.155215553033717, 44.89462782846247, 44.87759423124487, 52.00926214305689]",metrics_FPL51_PBM3.txt,Results\metrics_FPL51_PBM3.txt,22.155215553033717,44.89462782846247,44.87759423124487,52.00926214305689
FPL51,PBM8Y,-16.83,-10.07,5.6,19.45,9127.185444,3.8031e-06,46.69,22.55,103.963796,50.210685,"[34.71710427947183, 45.13121688193619, 45.18093870789345, 48.03883185798203]",metrics_FPL51_PBM8Y.txt,Results\metrics_FPL51_PBM8Y.txt,34.71710427947183,45.13121688193619,45.18093870789345,48.03883185798203
FPL51,SF7,-8.37,-9.9,-1.75,12.05,9127.197763,7.33074e-06,38.09,22.79,84.815852,50.740111,"[6.513623308793015, 50.36394005048037, 50.00221463753762, 74.97627564435277]",metrics_FPL51_SF7.txt,Results\metrics_FPL51_SF7.txt,6.513623308793015,50.36394005048037,50.00221463753762,74.97627564435277
H-FK61,ADF355,-8.23,-9.23,-1.04,20.43,9127.198077,1.91816e-05,50.38,27.3,112.185916,60.779469,"[38.96057468705382, 46.29873832503755, 46.25180723594548, 49.91168186771182]",metrics_H-FK61_ADF355.txt,Results\metrics_H-FK61_ADF355.txt,38.96057468705382,46.29873832503755,46.25180723594548,49.91168186771182
H-FK61,BAFD1,-20.62,-8.97,13.65,18.13,9127.19308,-1.82146e-05,49.33,25.97,109.847109,57.826316,"[28.606906635156253, 47.961212374536395, 47.60553864936254, 73.77970289815417]",metrics_H-FK61_BAFD1.txt,Results\metrics_H-FK61_BAFD1.txt,28.606906635156253,47.961212374536395,47.60553864936254,73.77970289815417
H-FK61,BAFD3,-15.54,-9.26,5.81,20.13,9127.201334,4.47318e-06,46.85,25.49,104.324191,56.755166,"[37.3325577870629, 51.14046808974631, 51.11931668380434, 70.73498320198709]",metrics_H-FK61_BAFD3.txt,Results\metrics_H-FK61_BAFD3.txt,37.3325577870629,51.14046808974631,51.11931668380434,70.73498320198709
H-FK61,C04-38,-13.77,-9.37,3.77,17.38,9127.185409,2.73052e-06,34.36,20.48,76.512534,45.60641,"[26.501465438549847, 44.951096662913955, 45.04429569508984, 55.024252289971884]",metrics_H-FK61_C04-38.txt,Results\metrics_H-FK61_C04-38.txt,26.501465438549847,44.951096662913955,45.04429569508984,55.024252289971884
H-FK61,C20-36,-21.4,-9.0,14.5,14.62,9127.191121,-2.39561e-05,41.84,20.91,93.155083,46.555626,"[23.393544198380354, 35.831401901668045, 34.28439882667407, 54.978493488187524]",metrics_H-FK61_C20-36.txt,Results\metrics_H-FK61_C20-36.txt,23.393544198380354,35.831401901668045,34.28439882667407,54.978493488187524
H-FK61,C26-36,-20.58,-9.03,13.61,13.67,9127.193703,-2.36534e-05,39.29,20.81,87.488116,46.346185,"[23.341199904001776, 37.19637601582704, 37.370739226832946, 56.659694324980876]",metrics_H-FK61_C26-36.txt,Results\metrics_H-FK61_C26-36.txt,23.341199904001776,37.19637601582704,37.370739226832946,56.659694324980876
H-FK61,C37-35,-19.04,-8.97,11.72,13.28,9127.205537,-1.97434e-05,36.64,19.95,81.585109,44.410377,"[18.72178245448616, 38.093904572431384, 38.01575892784389, 56.07229274147389]",metrics_H-FK61_C37-35.txt,Results\metrics_H-FK61_C37-35.txt,18.72178245448616,38.093904572431384,38.01575892784389,56.07229274147389
H-FK61,E-F1,-20.62,-9.03,13.65,13.73,9127.19369,-2.17144e-05,39.54,20.29,88.032586,45.175613,"[21.211877634134147, 34.498977110141055, 35.248109037579724, 55.047326688953845]",metrics_H-FK61_E-F1.txt,Results\metrics_H-FK61_E-F1.txt,21.211877634134147,34.498977110141055,35.248109037579724,55.047326688953845
H-FK61,E-F3,-16.65,-10.23,4.96,16.35,9127.200657,6.56107e-06,41.02,20.17,91.330231,44.910632,"[25.203359869027093, 41.118892189136844, 41.509339183622934, 46.56713380370968]",metrics_H-FK61_E-F3.txt,Results\metrics_H-FK61_E-F3.txt,25.203359869027093,41.118892189136844,41.509339183622934,46.56713380370968
H-FK61,F11,-21.23,-9.01,14.32,14.15,9127.191713,-2.72787e-05,40.23,23.07,89.565918,51.35919,"[27.417948354233545, 44.47744144622555, 44.479977111981526, 63.31812018025984]",metrics_H-FK61_F11.txt,Results\metrics_H-FK61_F11.txt,27.417948354233545,44.47744144622555,44.479977111981526,63.31812018025984
H-FK61,F14HT,-15.21,-9.79,4.38,17.85,9127.186766,2.96585e-06,36.21,21.16,80.617912,47.106357,"[29.735481280584757, 46.75268846380496, 46.81183531937761, 58.47940561837127]",metrics_H-FK61_F14HT.txt,Results\metrics_H-FK61_F14HT.txt,29.735481280584757,46.75268846380496,46.81183531937761,58.47940561837127
H-FK61,F2HT,-21.39,-9.0,14.5,14.71,9127.191109,-2.38392e-05,42.0,20.91,93.522801,46.552781,"[23.63231404184769, 35.59770196637456, 35.055954482249206, 54.09017822729499]",metrics_H-FK61_F2HT.txt,Results\metrics_H-FK61_F2HT.txt,23.63231404184769,35.59770196637456,35.055954482249206,54.09017822729499
H-FK61,F3,-19.8,-8.77,12.89,15.18,9127.203687,-2.01769e-05,41.66,20.43,92.755017,45.494092,"[24.519182789672783, 35.648887785363144, 34.570510305743184, 48.31833623096378]",metrics_H-FK61_F3.txt,Results\metrics_H-FK61_F3.txt,24.519182789672783,35.648887785363144,34.570510305743184,48.31833623096378
H-FK61,F8,-16.81,-10.07,5.59,19.43,9127.185441,6.54179e-06,50.3,23.06,111.999907,51.34682,"[35.91351951445532, 42.55283112641077, 42.62663701896665, 43.66393431356886]",metrics_H-FK61_F8.txt,Results\metrics_H-FK61_F8.txt,35.91351951445532,42.55283112641077,42.62663701896665,43.66393431356886
H-FK61,F8HT,-16.81,-10.08,5.58,19.38,9127.18544,3.66659e-06,45.49,22.26,101.298371,49.572996,"[34.04967031611328, 44.41972616087366, 44.29390716479094, 48.07029724367146]",metrics_H-FK61_F8HT.txt,Results\metrics_H-FK61_F8HT.txt,34.04967031611328,44.41972616087366,44.29390716479094,48.07029724367146
H-FK61,LZ_F1,-16.66,-10.3,5.08,16.17,9127.194347,2.23139e-06,39.45,20.63,87.849547,45.939851,"[20.678250859867482, 45.19328944459009, 45.17304764920548, 53.48217141221312]",metrics_H-FK61_LZ_F1.txt,Results\metrics_H-FK61_LZ_F1.txt,20.678250859867482,45.19328944459009,45.17304764920548,53.48217141221312
H-FK61,LZ_F8,-20.91,-9.04,13.93,13.67,9127.19328,-2.5014e-05,39.78,21.3,88.569741,47.424286,"[25.79812619196134, 38.7449258004419, 38.73065443808812, 58.38010401210869]",metrics_H-FK61_LZ_F8.txt,Results\metrics_H-FK61_LZ_F8.txt,25.79812619196134,38.7449258004419,38.73065443808812,58.38010401210869
H-FK61,PBM11,-21.27,-9.01,14.35,14.05,9127.19171,-2.7342e-05,40.4,23.18,89.952806,51.615646,"[28.04839904324227, 44.977492572862005, 44.43454433137397, 63.83407756202886]",metrics_H-FK61_PBM11.txt,Results\metrics_H-FK61_PBM11.txt,28.04839904324227,44.977492572862005,44.43454433137397,63.83407756202886
H-FK61,PBM18Y,-17.14,-9.96,5.6,18.84,9127.206006,3.84877e-06,44.12,21.53,98.228977,47.929414,"[33.52096974269513, 43.098727507717186, 43.27370778023428, 45.134787413039916]",metrics_H-FK61_PBM18Y.txt,Results\metrics_H-FK61_PBM18Y.txt,33.52096974269513,43.098727507717186,43.27370778023428,45.134787413039916
H-FK61,PBM2Y,-21.4,-9.0,14.51,14.58,9127.191125,-2.41604e-05,41.75,20.94,92.96246,46.621002,"[23.25233808976511, 35.880059853457674, 34.395481223773054, 55.02173176118592]",metrics_H-FK61_PBM2Y.txt,Results\metrics_H-FK61_PBM2Y.txt,23.25233808976511,35.880059853457674,34.395481223773054,55.02173176118592
H-FK61,PBM3,-16.65,-10.23,4.96,16.34,9127.200657,3.28528e-06,39.66,20.4,88.296982,45.424369,"[21.727751575103753, 44.59619128196876, 44.756501340615074, 52.08569203060098]",metrics_H-FK61_PBM3.txt,Results\metrics_H-FK61_PBM3.txt,21.727751575103753,44.59619128196876,44.756501340615074,52.08569203060098
H-FK61,PBM8Y,-16.82,-10.07,5.6,19.48,9127.185435,3.81374e-06,46.29,22.44,103.061096,49.957567,"[34.45906230301521, 44.80520739995357, 45.00901655653013, 48.08016552116643]",metrics_H-FK61_PBM8Y.txt,Results\metrics_H-FK61_PBM8Y.txt,34.45906230301521,44.80520739995357,45.00901655653013,48.08016552116643
H-FK61,SF7,-8.45,-9.88,-1.71,12.09,9127.197635,7.43369e-06,38.08,22.79,84.787831,50.741532,"[6.273055314810705, 50.242173632317275, 49.76198890504708, 74.51818263492402]",metrics_H-FK61_SF7.txt,Results\metrics_H-FK61_SF7.txt,6.273055314810705,50.242173632317275,49.76198890504708,74.51818263492402
IRG9,ADF355,-15.87,-7.82,4.36,-33.79,9127.20917,-1.97925e-05,213.94,120.37,476.371448,268.029064,"[104.15552677658265, 203.84798570959157, 207.62864262590818, 299.79129566523955]",metrics_IRG9_ADF355.txt,Results\metrics_IRG9_ADF355.txt,104.15552677658265,203.84798570959157,207.62864262590818,299.79129566523955
IRG9,BAFD1,-14.57,-7.05,3.94,-32.26,9127.193679,-2.40042e-05,212.42,120.51,472.974781,268.325627,"[103.47831484681629, 198.2112278884305, 204.29392709241355, 287.47016008695414]",metrics_IRG9_BAFD1.txt,Results\metrics_IRG9_BAFD1.txt,103.47831484681629,198.2112278884305,204.29392709241355,287.47016008695414
IRG9,BAFD3,-16.27,-7.41,5.48,-32.22,9127.209839,-2.70736e-05,212.03,121.23,472.119326,269.939436,"[105.77252229678913, 196.895552312509, 201.98805159039438, 277.4290589028732]",metrics_IRG9_BAFD3.txt,Results\metrics_IRG9_BAFD3.txt,105.77252229678913,196.895552312509,201.98805159039438,277.4290589028732
IRG9,C04-38,-16.63,-7.12,5.61,-34.29,9127.209468,-2.87891e-05,225.04,128.56,501.083484,286.258158,"[112.25631801633548, 211.57648414426978, 216.85530700016955, 297.4997255276446]",metrics_IRG9_C04-38.txt,Results\metrics_IRG9_C04-38.txt,112.25631801633548,211.57648414426978,216.85530700016955,297.4997255276446
IRG9,C20-36,-15.89,-6.91,4.65,-36.21,9127.193208,-2.67351e-05,237.98,135.11,529.89179,300.840529,"[115.76724387249189, 224.7316265848179, 231.78984555287454, 324.7321652595897]",metrics_IRG9_C20-36.txt,Results\metrics_IRG9_C20-36.txt,115.76724387249189,224.7316265848179,231.78984555287454,324.7321652595897
IRG9,C26-36,-15.09,-6.21,3.72,-34.94,9127.211493,-2.30751e-05,229.51,129.41,511.040368,288.140886,"[110.19324217970993, 217.80913776095656, 226.31549282236557, 319.05082080070014]",metrics_IRG9_C26-36.txt,Results\metrics_IRG9_C26-36.txt,110.19324217970993,217.80913776095656,226.31549282236557,319.05082080070014
IRG9,C37-35,-17.17,-7.28,5.04,-40.18,9127.193623,-2.84421e-05,265.28,149.42,590.684316,332.704019,"[127.27497354404065, 255.24009861539247, 263.147416339756, 377.4287485417909]",metrics_IRG9_C37-35.txt,Results\metrics_IRG9_C37-35.txt,127.27497354404065,255.24009861539247,263.147416339756,377.4287485417909
IRG9,E-F1,-15.09,-6.22,3.73,-34.92,9127.211505,-2.01522e-05,226.87,127.89,505.149837,284.768381,"[108.28963451809284, 214.22131722511068, 222.57517681339414, 314.0410119766246]",metrics_IRG9_E-F1.txt,Results\metrics_IRG9_E-F1.txt,108.28963451809284,214.22131722511068,222.57517681339414,314.0410119766246
IRG9,E-F3,-16.38,-7.13,5.29,-35.8,9127.192243,-2.66719e-05,230.56,130.98,513.359377,291.649018,"[114.76928573732802, 217.38546023617116, 220.6827389791003, 310.8415509338379]",metrics_IRG9_E-F3.txt,Results\metrics_IRG9_E-F3.txt,114.76928573732802,217.38546023617116,220.6827389791003,310.8415509338379
IRG9,F11,-15.7,-6.76,4.44,-36.18,9127.193681,-3.09768e-05,248.06,141.32,552.32957,314.665879,"[118.97430220117656, 235.45873566281867, 241.65211295310894, 338.4856633318924]",metrics_IRG9_F11.txt,Results\metrics_IRG9_F11.txt,118.97430220117656,235.45873566281867,241.65211295310894,338.4856633318924
IRG9,F14HT,-16.71,-7.14,5.74,-34.11,9127.209395,-2.9215e-05,224.12,128.1,499.04111,285.240516,"[111.98144041314815, 209.7738332224135, 215.04386903338332, 294.45518416452154]",metrics_IRG9_F14HT.txt,Results\metrics_IRG9_F14HT.txt,111.98144041314815,209.7738332224135,215.04386903338332,294.45518416452154
IRG9,F2HT,-15.88,-6.92,4.65,-36.14,9127.193211,-2.66288e-05,237.51,134.88,528.844729,300.322387,"[115.47080539238031, 224.357472421791, 231.14753354262433, 323.7854170587575]",metrics_IRG9_F2HT.txt,Results\metrics_IRG9_F2HT.txt,115.47080539238031,224.357472421791,231.14753354262433,323.7854170587575
IRG9,F3,-16.43,-7.11,5.19,-36.46,9127.192432,-2.87055e-05,238.44,135.63,530.918286,301.991739,"[117.57283249359149, 225.5721505464262, 230.41767114691078, 324.11008595243817]",metrics_IRG9_F3.txt,Results\metrics_IRG9_F3.txt,117.57283249359149,225.5721505464262,230.41767114691078,324.11008595243817
IRG9,F8,-16.77,-7.41,6.26,-33.13,9127.19052,-2.86225e-05,215.12,122.6,478.980014,272.979352,"[109.12607925955916, 198.31921258034214, 200.93933322560497, 273.94012416819265]",metrics_IRG9_F8.txt,Results\metrics_IRG9_F8.txt,109.12607925955916,198.31921258034214,200.93933322560497,273.94012416819265
IRG9,F8HT,-16.78,-7.4,6.26,-33.17,9127.190578,-3.07085e-05,218.78,125.16,487.132814,278.68817,"[110.50224607394215, 202.74189984583916, 205.2021187936606, 278.9889800844631]",metrics_IRG9_F8HT.txt,Results\metrics_IRG9_F8HT.txt,110.50224607394215,202.74189984583916,205.2021187936606,278.9889800844631
IRG9,LZ_F1,-16.4,-7.11,5.29,-35.94,9127.192276,-2.91459e-05,236.43,134.8,526.43461,300.152992,"[116.43897756806308, 223.67101713868544, 228.01785693318706, 318.1401841226968]",metrics_IRG9_LZ_F1.txt,Results\metrics_IRG9_LZ_F1.txt,116.43897756806308,223.67101713868544,228.01785693318706,318.1401841226968
IRG9,LZ_F8,-15.07,-6.4,3.91,-35.22,9127.19478,-2.3937e-05,232.77,131.62,518.28937,293.070592,"[111.58841943379372, 219.21668384119715, 227.57171460364478, 320.2628353439368]",metrics_IRG9_LZ_F8.txt,Results\metrics_IRG9_LZ_F8.txt,111.58841943379372,219.21668384119715,227.57171460364478,320.2628353439368
IRG9,PBM11,-15.7,-6.74,4.43,-36.23,9127.193683,-3.06788e-05,248.2,141.38,552.64254,314.802598,"[118.93315141950936, 235.6705916009003, 241.7594228950776, 338.6496273837118]",metrics_IRG9_PBM11.txt,Results\metrics_IRG9_PBM11.txt,118.93315141950936,235.6705916009003,241.7594228950776,338.6496273837118
IRG9,PBM18Y,-16.83,-7.36,6.25,-33.59,9127.1907,-3.09781e-05,220.86,126.24,491.770809,281.089513,"[111.63376690730448, 204.64555382782828, 207.7431031642089, 282.7967252089738]",metrics_IRG9_PBM18Y.txt,Results\metrics_IRG9_PBM18Y.txt,111.63376690730448,204.64555382782828,207.7431031642089,282.7967252089738
IRG9,PBM2Y,-15.9,-6.9,4.65,-36.24,9127.19324,-2.68075e-05,238.18,135.25,530.329433,301.148876,"[115.77025205794246, 225.00414277258608, 231.95416729523595, 324.9306048544124]",metrics_IRG9_PBM2Y.txt,Results\metrics_IRG9_PBM2Y.txt,115.77025205794246,225.00414277258608,231.95416729523595,324.9306048544124
IRG9,PBM3,-16.38,-7.13,5.29,-35.81,9127.19226,-2.8845e-05,235.23,134.05,523.764129,298.482821,"[116.0956464292448, 222.37059550968817, 226.5288574156868, 316.6202450555076]",metrics_IRG9_PBM3.txt,Results\metrics_IRG9_PBM3.txt,116.0956464292448,222.37059550968817,226.5288574156868,316.6202450555076
IRG9,PBM8Y,-16.77,-7.41,6.26,-33.09,9127.190518,-3.08787e-05,218.23,124.81,485.918463,277.895177,"[110.35046099909894, 202.00004996570453, 204.52598287387283, 278.2303313550661]",metrics_IRG9_PBM8Y.txt,Results\metrics_IRG9_PBM8Y.txt,110.35046099909894,202.00004996570453,204.52598287387283,278.2303313550661
IRG9,SF7,-16.86,-6.88,4.37,-40.58,9127.208949,-2.4816e-05,264.56,148.16,589.076809,329.89307,"[126.45579224351607, 257.72051054408325, 264.06528741787054, 375.04291976695424]",metrics_IRG9_SF7.txt,Results\metrics_IRG9_SF7.txt,126.45579224351607,257.72051054408325,264.06528741787054,375.04291976695424
J-FK01,ADF355,-8.23,-9.2,-1.11,20.3,9127.200904,1.94674e-05,50.31,27.22,112.02251,60.608238,"[39.020324463826725, 46.201917332965465, 46.09022869891342, 49.17139340931955]",metrics_J-FK01_ADF355.txt,Results\metrics_J-FK01_ADF355.txt,39.020324463826725,46.201917332965465,46.09022869891342,49.17139340931955
J-FK01,BAFD1,-20.63,-8.97,13.66,18.01,9127.193091,-1.81742e-05,49.32,25.94,109.820611,57.753568,"[28.580147019973992, 47.80345158596126, 47.500673734298346, 73.72620985775298]",metrics_J-FK01_BAFD1.txt,Results\metrics_J-FK01_BAFD1.txt,28.580147019973992,47.80345158596126,47.500673734298346,73.72620985775298
J-FK01,BAFD3,-15.54,-9.27,5.8,20.0,9127.201296,4.54053e-06,46.79,25.44,104.182386,56.649833,"[37.27931748762536, 51.060079188119765, 51.04822484248086, 70.58346086842451]",metrics_J-FK01_BAFD3.txt,Results\metrics_J-FK01_BAFD3.txt,37.27931748762536,51.060079188119765,51.04822484248086,70.58346086842451
J-FK01,C04-38,-13.76,-9.37,3.76,17.25,9127.186136,2.81598e-06,34.33,20.45,76.44816,45.5268,"[26.454973571265185, 44.888132275131596, 44.975588068895206, 54.77175296381589]",metrics_J-FK01_C04-38.txt,Results\metrics_J-FK01_C04-38.txt,26.454973571265185,44.888132275131596,44.975588068895206,54.77175296381589
J-FK01,C20-36,-21.4,-9.0,14.51,14.5,9127.191128,-2.39171e-05,41.83,20.9,93.135215,46.54161,"[23.381820817619005, 35.77959292967837, 34.33760785975768, 54.86100682951189]",metrics_J-FK01_C20-36.txt,Results\metrics_J-FK01_C20-36.txt,23.381820817619005,35.77959292967837,34.33760785975768,54.86100682951189
J-FK01,C26-36,-20.59,-9.03,13.62,13.55,9127.193716,-2.36213e-05,39.31,20.82,87.53225,46.357591,"[23.496972433951285, 37.251139259688856, 37.38010742991575, 56.69631764177515]",metrics_J-FK01_C26-36.txt,Results\metrics_J-FK01_C26-36.txt,23.496972433951285,37.251139259688856,37.38010742991575,56.69631764177515
J-FK01,C37-35,-19.05,-8.97,11.73,13.16,9127.20554,-1.97041e-05,36.66,19.95,81.618844,44.418108,"[18.698307251661795, 38.200581656738905, 38.02983405192275, 55.90354046557477]",metrics_J-FK01_C37-35.txt,Results\metrics_J-FK01_C37-35.txt,18.698307251661795,38.200581656738905,38.02983405192275,55.90354046557477
J-FK01,E-F1,-20.62,-9.03,13.65,13.61,9127.193672,-2.16717e-05,39.52,20.29,88.00694,45.172612,"[21.198921480290572, 34.45539918345087, 35.03842261773739, 54.96764065687863]",metrics_J-FK01_E-F1.txt,Results\metrics_J-FK01_E-F1.txt,21.198921480290572,34.45539918345087,35.03842261773739,54.96764065687863
J-FK01,E-F3,-16.7,-10.23,5.0,16.21,9127.200658,6.61041e-06,41.14,20.19,91.592489,44.965503,"[24.965769030192767, 41.02304979089169, 41.327887859730396, 46.93272568277351]",metrics_J-FK01_E-F3.txt,Results\metrics_J-FK01_E-F3.txt,24.965769030192767,41.02304979089169,41.327887859730396,46.93272568277351
J-FK01,F11,-21.33,-9.02,14.4,14.02,9127.191642,-2.73547e-05,40.38,23.14,89.902199,51.520408,"[27.908947787997278, 44.90080388540585, 44.37836350355529, 63.480899795463316]",metrics_J-FK01_F11.txt,Results\metrics_J-FK01_F11.txt,27.908947787997278,44.90080388540585,44.37836350355529,63.480899795463316
J-FK01,F14HT,-15.0,-9.78,4.15,17.72,9127.198874,3.32869e-06,36.01,21.14,80.174432,47.079934,"[28.86741588927316, 46.96579928663154, 47.14511179106174, 58.194907679961915]",metrics_J-FK01_F14HT.txt,Results\metrics_J-FK01_F14HT.txt,28.86741588927316,46.96579928663154,47.14511179106174,58.194907679961915
J-FK01,F2HT,-21.4,-9.0,14.5,14.59,9127.191116,-2.38026e-05,42.0,20.9,93.507087,46.538428,"[23.6214485299396, 35.65092529203355, 34.87387247905612, 53.924007477065416]",metrics_J-FK01_F2HT.txt,Results\metrics_J-FK01_F2HT.txt,23.6214485299396,35.65092529203355,34.87387247905612,53.924007477065416
J-FK01,F3,-19.8,-8.77,12.9,15.06,9127.203697,-2.01336e-05,41.65,20.4,92.734846,45.432954,"[24.505397214174028, 35.56981429552003, 34.519392164907245, 48.341399170215404]",metrics_J-FK01_F3.txt,Results\metrics_J-FK01_F3.txt,24.505397214174028,35.56981429552003,34.519392164907245,48.341399170215404
J-FK01,F8,-16.8,-10.08,5.57,19.29,9127.185422,6.60879e-06,50.25,23.03,111.883998,51.281512,"[35.85639744813962, 42.479579880904396, 42.530774629335276, 43.470805955601875]",metrics_J-FK01_F8.txt,Results\metrics_J-FK01_F8.txt,35.85639744813962,42.479579880904396,42.530774629335276,43.470805955601875
J-FK01,F8HT,-16.8,-10.08,5.57,19.24,9127.185425,3.73509e-06,45.44,22.23,101.177964,49.504774,"[33.99342250542014, 44.37426538018768, 44.18468322318575, 47.82128794106818]",metrics_J-FK01_F8HT.txt,Results\metrics_J-FK01_F8HT.txt,33.99342250542014,44.37426538018768,44.18468322318575,47.82128794106818
J-FK01,LZ_F1,-16.65,-10.31,5.07,16.03,9127.194348,2.30204e-06,39.48,20.63,87.907705,45.932556,"[20.632952572842143, 45.12365002104845, 45.10422142882156, 53.487061765917]",metrics_J-FK01_LZ_F1.txt,Results\metrics_J-FK01_LZ_F1.txt,20.632952572842143,45.12365002104845,45.10422142882156,53.487061765917
J-FK01,LZ_F8,-20.92,-9.04,13.94,13.55,9127.193272,-2.4984e-05,39.8,21.31,88.624631,47.440156,"[25.95859464033632, 38.63538700616363, 38.779028768988, 58.3194451868256]",metrics_J-FK01_LZ_F8.txt,Results\metrics_J-FK01_LZ_F8.txt,25.95859464033632,38.63538700616363,38.779028768988,58.3194451868256
J-FK01,PBM11,-21.27,-9.01,14.35,13.93,9127.191703,-2.73064e-05,40.42,23.19,89.990524,51.630131,"[28.1853769203295, 44.92720804124758, 44.54200299727421, 63.99192568836095]",metrics_J-FK01_PBM11.txt,Results\metrics_J-FK01_PBM11.txt,28.1853769203295,44.92720804124758,44.54200299727421,63.99192568836095
J-FK01,PBM18Y,-17.13,-9.96,5.58,18.7,9127.20595,3.91283e-06,44.09,21.51,98.170106,47.897343,"[33.42901771786613, 43.072362479548985, 43.24108372816576, 45.021139885970605]",metrics_J-FK01_PBM18Y.txt,Results\metrics_J-FK01_PBM18Y.txt,33.42901771786613,43.072362479548985,43.24108372816576,45.021139885970605
J-FK01,PBM2Y,-19.19,-8.79,12.27,14.6,9127.202723,-2.01768e-05,39.22,19.71,87.327896,43.890863,"[21.913605686694723, 34.94622823749972, 34.865707196022534, 52.311279500114]",metrics_J-FK01_PBM2Y.txt,Results\metrics_J-FK01_PBM2Y.txt,21.913605686694723,34.94622823749972,34.865707196022534,52.311279500114
J-FK01,PBM3,-16.7,-10.23,5.0,16.21,9127.200656,3.3347e-06,39.77,20.4,88.555011,45.424539,"[21.490325296774024, 44.51771065406527, 44.69701257279596, 52.079529876745546]",metrics_J-FK01_PBM3.txt,Results\metrics_J-FK01_PBM3.txt,21.490325296774024,44.51771065406527,44.69701257279596,52.079529876745546
J-FK01,PBM8Y,-16.81,-10.08,5.59,19.35,9127.185451,3.88241e-06,46.23,22.41,102.940964,49.888732,"[34.403053125447336, 44.802995142269936, 44.93581482046098, 48.05184537701379]",metrics_J-FK01_PBM8Y.txt,Results\metrics_J-FK01_PBM8Y.txt,34.403053125447336,44.802995142269936,44.93581482046098,48.05184537701379
J-FK01,SF7,-8.45,-9.88,-1.72,11.96,9127.197684,7.50891e-06,38.12,22.8,84.870186,50.768385,"[6.20876992851116, 50.25922186564626, 49.74431686748875, 74.37876337180407]",metrics_J-FK01_SF7.txt,Results\metrics_J-FK01_SF7.txt,6.20876992851116,50.25922186564626,49.74431686748875,74.37876337180407
J-FKH1,ADF355,-19.58,-9.07,12.36,19.24,9127.189547,-3.97376e-06,59.74,29.24,133.015313,65.096222,"[32.702293761324725, 44.303851702047794, 43.94909152178997, 79.24833779658493]",metrics_J-FKH1_ADF355.txt,Results\metrics_J-FKH1_ADF355.txt,32.702293761324725,44.303851702047794,43.94909152178997,79.24833779658493
J-FKH1,BAFD1,-21.06,-8.98,14.11,17.34,9127.192161,-1.89438e-05,48.92,25.45,108.915276,56.656904,"[29.46201738806463, 47.14848423711742, 47.129846832735026, 69.06343352900346]",metrics_J-FKH1_BAFD1.txt,Results\metrics_J-FKH1_BAFD1.txt,29.46201738806463,47.14848423711742,47.129846832735026,69.06343352900346
J-FKH1,BAFD3,-15.37,-9.22,5.58,19.29,9127.192795,4.51454e-06,44.5,24.85,99.082191,55.337036,"[36.0909299737373, 50.39784443741152, 49.85391539216289, 70.38242254088041]",metrics_J-FKH1_BAFD3.txt,Results\metrics_J-FKH1_BAFD3.txt,36.0909299737373,50.39784443741152,49.85391539216289,70.38242254088041
J-FKH1,C04-38,-14.34,-9.77,3.26,16.8,9127.198454,4.50449e-06,34.98,20.31,77.883376,45.229672,"[26.081551323386872, 46.076801325987844, 45.953907547882665, 54.769180116922016]",metrics_J-FKH1_C04-38.txt,Results\metrics_J-FKH1_C04-38.txt,26.081551323386872,46.076801325987844,45.953907547882665,54.769180116922016
J-FKH1,C20-36,-19.65,-8.79,12.73,13.98,9127.203241,-2.10278e-05,39.16,19.78,87.194268,44.041638,"[21.53406571342901, 34.651825325550895, 34.34100734669079, 53.261713653158516]",metrics_J-FKH1_C20-36.txt,Results\metrics_J-FKH1_C20-36.txt,21.53406571342901,34.651825325550895,34.34100734669079,53.261713653158516
J-FKH1,C26-36,-21.22,-8.95,14.05,12.86,9127.203159,-2.43154e-05,39.89,21.28,88.828279,47.373072,"[27.662016937652865, 39.40805326600907, 38.80419609186077, 57.24917802039416]",metrics_J-FKH1_C26-36.txt,Results\metrics_J-FKH1_C26-36.txt,27.662016937652865,39.40805326600907,38.80419609186077,57.24917802039416
J-FKH1,C37-35,-18.53,-9.04,11.45,12.54,9127.189266,-2.00247e-05,36.41,20.06,81.079793,44.677122,"[18.75093267620074, 39.107958727836106, 38.984408503055356, 55.54152648806715]",metrics_J-FKH1_C37-35.txt,Results\metrics_J-FKH1_C37-35.txt,18.75093267620074,39.107958727836106,38.984408503055356,55.54152648806715
J-FKH1,E-F1,-21.15,-9.05,14.18,12.92,9127.192804,-2.28636e-05,40.13,20.76,89.352896,46.222102,"[25.673476099902388, 36.006485557409505, 36.24738668872408, 56.55440830879686]",metrics_J-FKH1_E-F1.txt,Results\metrics_J-FKH1_E-F1.txt,25.673476099902388,36.006485557409505,36.24738668872408,56.55440830879686
J-FKH1,E-F3,-16.29,-10.43,4.3,15.6,9127.20106,7.52722e-06,42.28,20.46,94.147482,45.550932,"[24.760187972903708, 42.88312221147332, 42.59562371130743, 49.31971983152563]",metrics_J-FKH1_E-F3.txt,Results\metrics_J-FKH1_E-F3.txt,24.760187972903708,42.88312221147332,42.59562371130743,49.31971983152563
J-FKH1,F11,-19.44,-8.89,12.67,13.51,9127.192806,-2.8511e-05,38.58,22.46,85.900523,50.012623,"[26.305164467782788, 45.13380111313458, 45.32308992183525, 63.02887816740857]",metrics_J-FKH1_F11.txt,Results\metrics_J-FKH1_F11.txt,26.305164467782788,45.13380111313458,45.32308992183525,63.02887816740857
J-FKH1,F14HT,-11.35,-9.97,0.55,17.01,9127.200648,6.77085e-06,34.25,21.41,76.265574,47.674413,"[25.914493326892217, 48.05070640604312, 48.22473782740006, 59.25420301533863]",metrics_J-FKH1_F14HT.txt,Results\metrics_J-FKH1_F14HT.txt,25.914493326892217,48.05070640604312,48.22473782740006,59.25420301533863
J-FKH1,F2HT,-19.64,-8.79,12.72,14.06,9127.203234,-2.09211e-05,39.34,19.79,87.586177,44.061651,"[21.770827362972312, 34.84593094772103, 34.305095420103285, 52.643567922523715]",metrics_J-FKH1_F2HT.txt,Results\metrics_J-FKH1_F2HT.txt,21.770827362972312,34.84593094772103,34.305095420103285,52.643567922523715
J-FKH1,F3,-20.13,-8.76,13.23,14.4,9127.204152,-2.0921e-05,41.3,20.24,91.967562,45.059993,"[23.893651824334604, 34.59688169431005, 33.90130950681974, 50.63493882540792]",metrics_J-FKH1_F3.txt,Results\metrics_J-FKH1_F3.txt,23.893651824334604,34.59688169431005,33.90130950681974,50.63493882540792
J-FKH1,F8,-17.44,-10.18,5.95,18.68,9127.185356,6.38593e-06,50.41,22.68,112.242751,50.501242,"[34.44094508381834, 39.04522071627572, 39.07547109045202, 38.72864477919555]",metrics_J-FKH1_F8.txt,Results\metrics_J-FKH1_F8.txt,34.44094508381834,39.04522071627572,39.07547109045202,38.72864477919555
J-FKH1,F8HT,-17.44,-10.18,5.94,18.63,9127.185362,3.49768e-06,46.21,21.83,102.900384,48.603581,"[32.56705815506366, 42.16054872618339, 42.18293484443793, 42.5401168972009]",metrics_J-FKH1_F8HT.txt,Results\metrics_J-FKH1_F8HT.txt,32.56705815506366,42.16054872618339,42.18293484443793,42.5401168972009
J-FKH1,LZ_F1,-16.3,-10.44,4.29,15.42,9127.201047,3.58994e-06,40.64,21.03,90.489926,46.834553,"[20.46842285373375, 46.14102369814141, 46.70993117931516, 55.0007131287381]",metrics_J-FKH1_LZ_F1.txt,Results\metrics_J-FKH1_LZ_F1.txt,20.46842285373375,46.14102369814141,46.70993117931516,55.0007131287381
J-FKH1,LZ_F8,-21.24,-9.04,14.28,12.88,9127.192464,-2.59403e-05,40.38,21.78,89.900009,48.50339,"[29.72128758457415, 40.004907146606755, 40.90302431252117, 59.65578868394594]",metrics_J-FKH1_LZ_F8.txt,Results\metrics_J-FKH1_LZ_F8.txt,29.72128758457415,40.004907146606755,40.90302431252117,59.65578868394594
J-FKH1,PBM11,-19.45,-8.89,12.68,13.42,9127.192801,-2.85647e-05,38.72,22.56,86.207394,50.22275,"[26.831705278456, 45.340436733792174, 45.48185956106895, 62.55364154870988]",metrics_J-FKH1_PBM11.txt,Results\metrics_J-FKH1_PBM11.txt,26.831705278456,45.340436733792174,45.48185956106895,62.55364154870988
J-FKH1,PBM18Y,-17.39,-10.2,5.87,18.07,9127.185304,3.03457e-06,44.2,21.59,98.419026,48.079911,"[31.02742903613187, 45.2942811092351, 45.21547932111905, 41.3343401290296]",metrics_J-FKH1_PBM18Y.txt,Results\metrics_J-FKH1_PBM18Y.txt,31.02742903613187,45.2942811092351,45.21547932111905,41.3343401290296
J-FKH1,PBM2Y,-19.65,-8.79,12.73,13.93,9127.203235,-2.12263e-05,39.07,19.81,86.997322,44.101523,"[21.395014401346458, 34.80360232615773, 34.58655989471262, 54.06454005525936]",metrics_J-FKH1_PBM2Y.txt,Results\metrics_J-FKH1_PBM2Y.txt,21.395014401346458,34.80360232615773,34.58655989471262,54.06454005525936
J-FKH1,PBM3,-16.26,-10.43,4.26,15.59,9127.20106,4.25291e-06,40.84,20.81,90.929726,46.334234,"[21.36429878127087, 45.97754433713299, 45.87869494559864, 53.34894776873074]",metrics_J-FKH1_PBM3.txt,Results\metrics_J-FKH1_PBM3.txt,21.36429878127087,45.97754433713299,45.87869494559864,53.34894776873074
J-FKH1,PBM8Y,-17.11,-10.18,5.66,18.72,9127.185757,3.79281e-06,45.88,21.91,102.151024,48.782069,"[34.07971753073407, 42.89265256917447, 42.62316352492196, 44.220611510464416]",metrics_J-FKH1_PBM8Y.txt,Results\metrics_J-FKH1_PBM8Y.txt,34.07971753073407,42.89265256917447,42.62316352492196,44.220611510464416
J-FKH1,SF7,-19.67,-9.15,12.48,11.31,9127.189468,-1.42131e-05,37.82,21.0,84.217538,46.76964,"[21.382586621813715, 39.651015600827996, 39.564368725035344, 56.780788741864626]",metrics_J-FKH1_SF7.txt,Results\metrics_J-FKH1_SF7.txt,21.382586621813715,39.651015600827996,39.564368725035344,56.780788741864626
K-PFK80,ADF355,-19.83,-9.09,12.56,20.22,9127.189917,-3.40227e-06,63.17,30.38,140.650123,67.651118,"[35.62172988484499, 43.31401600434112, 43.22898639609558, 78.45738212952641]",metrics_K-PFK80_ADF355.txt,Results\metrics_K-PFK80_ADF355.txt,35.62172988484499,43.31401600434112,43.22898639609558,78.45738212952641
K-PFK80,BAFD1,-20.6,-8.96,13.64,18.31,9127.193059,-1.79602e-05,50.22,26.24,111.828688,58.436895,"[28.410381794628645, 48.28930074336772, 48.205850457503885, 76.06878513735046]",metrics_K-PFK80_BAFD1.txt,Results\metrics_K-PFK80_BAFD1.txt,28.410381794628645,48.28930074336772,48.205850457503885,76.06878513735046
K-PFK80,BAFD3,-15.57,-9.25,5.85,20.31,9127.201419,4.89515e-06,48.37,25.9,107.70272,57.672442,"[38.16875612295423, 51.045669093110234, 51.029437976536705, 70.39696509783109]",metrics_K-PFK80_BAFD3.txt,Results\metrics_K-PFK80_BAFD3.txt,38.16875612295423,51.045669093110234,51.029437976536705,70.39696509783109
K-PFK80,C04-38,-13.99,-9.39,4.11,17.55,9127.191041,2.49938e-06,35.29,20.96,78.574019,46.667778,"[27.93149773709648, 45.44700097653889, 45.436955283063185, 56.96016486997388]",metrics_K-PFK80_C04-38.txt,Results\metrics_K-PFK80_C04-38.txt,27.93149773709648,45.44700097653889,45.436955283063185,56.96016486997388
K-PFK80,C20-36,-21.38,-9.0,14.49,14.8,9127.191098,-2.35446e-05,42.32,20.93,94.222667,46.608,"[24.04777858169902, 35.69089650399273, 35.89417028546514, 54.188503481766716]",metrics_K-PFK80_C20-36.txt,Results\metrics_K-PFK80_C20-36.txt,24.04777858169902,35.69089650399273,35.89417028546514,54.188503481766716
K-PFK80,C26-36,-20.81,-8.95,13.65,13.84,9127.202528,-2.29013e-05,39.42,20.66,87.76982,45.99386,"[22.06699941846311, 36.34693051043667, 36.08674821138081, 56.53622008279705]",metrics_K-PFK80_C26-36.txt,Results\metrics_K-PFK80_C26-36.txt,22.06699941846311,36.34693051043667,36.08674821138081,56.53622008279705
K-PFK80,C37-35,-19.01,-8.97,11.69,13.46,9127.205548,-1.92454e-05,36.62,19.73,81.539315,43.935528,"[18.411947061753676, 35.957807341036386, 36.06898778280467, 54.85604136737662]",metrics_K-PFK80_C37-35.txt,Results\metrics_K-PFK80_C37-35.txt,18.411947061753676,35.957807341036386,36.06898778280467,54.85604136737662
K-PFK80,E-F1,-20.84,-8.95,13.69,13.9,9127.202566,-2.09753e-05,39.95,20.19,88.958739,44.966492,"[21.701700733860292, 34.425087284918575, 35.254298274279705, 53.54350385617093]",metrics_K-PFK80_E-F1.txt,Results\metrics_K-PFK80_E-F1.txt,21.701700733860292,34.425087284918575,35.254298274279705,53.54350385617093
K-PFK80,E-F3,-16.62,-10.22,4.95,16.54,9127.200666,6.98677e-06,41.34,20.38,92.03806,45.381012,"[26.842918065388105, 41.896059487884564, 41.55948987304383, 45.69870118207842]",metrics_K-PFK80_E-F3.txt,Results\metrics_K-PFK80_E-F3.txt,26.842918065388105,41.896059487884564,41.55948987304383,45.69870118207842
K-PFK80,F11,-21.26,-9.01,14.34,14.32,9127.191637,-2.3713e-05,39.56,22.62,88.086107,50.372862,"[22.68361703161768, 42.84210011115587, 42.52911725380015, 63.907140772371534]",metrics_K-PFK80_F11.txt,Results\metrics_K-PFK80_F11.txt,22.68361703161768,42.84210011115587,42.52911725380015,63.907140772371534
K-PFK80,F14HT,-14.14,-9.73,3.21,18.04,9127.209537,4.92081e-06,35.62,21.71,79.319884,48.343924,"[27.28191724439261, 48.2307468712105, 48.410414472700886, 60.66942804134002]",metrics_K-PFK80_F14HT.txt,Results\metrics_K-PFK80_F14HT.txt,27.28191724439261,48.2307468712105,48.410414472700886,60.66942804134002
K-PFK80,F2HT,-21.38,-9.0,14.49,14.89,9127.191114,-2.34386e-05,42.5,20.95,94.63059,46.650931,"[24.290614671965137, 35.76167150161103, 36.07101472698, 53.990111558856555]",metrics_K-PFK80_F2HT.txt,Results\metrics_K-PFK80_F2HT.txt,24.290614671965137,35.76167150161103,36.07101472698,53.990111558856555
K-PFK80,F3,-19.9,-8.77,12.99,15.35,9127.203797,-1.99924e-05,42.26,20.77,94.088572,46.257163,"[25.241170671623642, 36.391240542567054, 35.1569627259286, 47.34657901398751]",metrics_K-PFK80_F3.txt,Results\metrics_K-PFK80_F3.txt,25.241170671623642,36.391240542567054,35.1569627259286,47.34657901398751
K-PFK80,F8,-16.84,-10.07,5.63,19.62,9127.185445,7.00724e-06,51.98,23.55,115.73147,52.426829,"[36.81483930562912, 42.0474404762186, 41.965094358912836, 42.463127235043615]",metrics_K-PFK80_F8.txt,Results\metrics_K-PFK80_F8.txt,36.81483930562912,42.0474404762186,41.965094358912836,42.463127235043615
K-PFK80,F8HT,-16.84,-10.07,5.62,19.57,9127.185449,4.11654e-06,47.17,22.63,105.039992,50.393838,"[34.94179038522338, 44.62348968505506, 44.93843852067564, 47.5101700617752]",metrics_K-PFK80_F8HT.txt,Results\metrics_K-PFK80_F8HT.txt,34.94179038522338,44.62348968505506,44.93843852067564,47.5101700617752
K-PFK80,LZ_F1,-16.66,-10.23,4.98,16.37,9127.200658,3.02468e-06,39.77,20.54,88.550366,45.727922,"[22.158875002787045, 45.08360182306316, 45.368634058964716, 52.5330551886171]",metrics_K-PFK80_LZ_F1.txt,Results\metrics_K-PFK80_LZ_F1.txt,22.158875002787045,45.08360182306316,45.368634058964716,52.5330551886171
K-PFK80,LZ_F8,-20.88,-9.04,13.91,13.85,9127.193259,-2.45202e-05,39.79,21.1,88.599307,46.990704,"[24.2071062973311, 37.89370362383126, 37.90644505078042, 58.29652002133278]",metrics_K-PFK80_LZ_F8.txt,Results\metrics_K-PFK80_LZ_F8.txt,24.2071062973311,37.89370362383126,37.90644505078042,58.29652002133278
,,-18.81,-9.05,11.5,20.78,9127.192089,-1.33258e-06,64.34,31.06,143.250205,69.164951,"[38.71285225113601, 43.13011204536423, 43.48858510774984, 77.91012813311659]",metrics_K-PFK80_M__ADF355.txt,Results\metrics_K-PFK80_M__ADF355.txt,38.71285225113601,43.13011204536423,43.48858510774984,77.91012813311659
,,-17.19,-8.82,10.22,18.95,9127.187774,-1.21069e-05,49.64,26.2,110.519012,58.343819,"[25.756875806646814, 53.14614962919737, 52.94801881987715, 75.60028318494372]",metrics_K-PFK80_M__BAFD1.txt,Results\metrics_K-PFK80_M__BAFD1.txt,25.756875806646814,53.14614962919737,52.94801881987715,75.60028318494372
,,-17.26,-10.32,5.48,22.11,9127.194609,1.1114e-05,65.26,28.28,145.315951,62.97344,"[40.35951098728177, 38.11957446470399, 37.98188126715175, 49.16422083015]",metrics_K-PFK80_M__BAFD3.txt,Results\metrics_K-PFK80_M__BAFD3.txt,40.35951098728177,38.11957446470399,37.98188126715175,49.16422083015
,,-16.09,-10.24,4.65,18.82,9127.194837,5.28968e-06,42.35,21.53,94.292929,47.947284,"[30.467276285332193, 46.48626791578845, 46.92956212102206, 39.285750081200476]",metrics_K-PFK80_M__C04-38.txt,Results\metrics_K-PFK80_M__C04-38.txt,30.467276285332193,46.48626791578845,46.92956212102206,39.285750081200476
,,-20.87,-9.01,13.92,15.37,9127.192908,-2.19481e-05,42.31,20.75,94.213867,46.192368,"[24.528642520503418, 35.62806279476855, 35.53199168467966, 51.25950117583211]",metrics_K-PFK80_M__C20-36.txt,Results\metrics_K-PFK80_M__C20-36.txt,24.528642520503418,35.62806279476855,35.53199168467966,51.25950117583211
,,-17.82,-8.83,10.64,14.56,9127.205955,-1.71067e-05,36.12,18.86,80.433546,41.983286,"[19.073463078747814, 35.01813492051752, 34.69202980488471, 50.63151561935068]",metrics_K-PFK80_M__C26-36.txt,Results\metrics_K-PFK80_M__C26-36.txt,19.073463078747814,35.01813492051752,34.69202980488471,50.63151561935068
,,-19.39,-9.14,12.19,13.97,9127.190244,-1.97105e-05,37.56,19.93,83.624991,44.384291,"[18.87201805648271, 35.69326523428262, 35.788937990321145, 54.55955121922766]",metrics_K-PFK80_M__C37-35.txt,Results\metrics_K-PFK80_M__C37-35.txt,18.87201805648271,35.69326523428262,35.788937990321145,54.55955121922766
,,-17.8,-8.83,10.62,14.62,9127.205924,-1.52336e-05,37.11,18.68,82.639347,41.591118,"[20.63044887731195, 34.3639795650872, 34.88652185494019, 48.38777898378852]",metrics_K-PFK80_M__E-F1.txt,Results\metrics_K-PFK80_M__E-F1.txt,20.63044887731195,34.3639795650872,34.88652185494019,48.38777898378852
,,-19.54,-8.84,12.82,16.39,9127.191786,-1.70496e-05,46.59,23.81,103.728512,53.008598,"[26.684175373917913, 42.872263331462776, 42.979119813397546, 67.15646068735846]",metrics_K-PFK80_M__E-F3.txt,Results\metrics_K-PFK80_M__E-F3.txt,26.684175373917913,42.872263331462776,42.979119813397546,67.15646068735846
,,-20.68,-9.01,13.73,14.9,9127.193401,-2.88821e-05,39.75,22.37,88.499736,49.802649,"[25.27046011661096, 42.69103426407919, 43.09824694734499, 62.418510874203825]",metrics_K-PFK80_M__F11.txt,Results\metrics_K-PFK80_M__F11.txt,25.27046011661096,42.69103426407919,43.09824694734499,62.418510874203825
,,-14.53,-9.34,4.65,18.35,9127.190977,2.48103e-06,37.38,22.76,83.223779,50.667566,"[30.743931838074214, 48.031305633901624, 47.989993342521274, 63.78213414765115]",metrics_K-PFK80_M__F14HT.txt,Results\metrics_K-PFK80_M__F14HT.txt,30.743931838074214,48.031305633901624,47.989993342521274,63.78213414765115
,,-20.87,-9.01,13.92,15.46,9127.192902,-2.18502e-05,42.5,20.79,94.641688,46.302541,"[24.774948783768494, 35.864665412233904, 35.41135380158223, 50.65483185624639]",metrics_K-PFK80_M__F2HT.txt,Results\metrics_K-PFK80_M__F2HT.txt,24.774948783768494,35.864665412233904,35.41135380158223,50.65483185624639
,,-21.27,-8.87,14.17,15.81,9127.20414,-2.10889e-05,44.15,21.36,98.304561,47.550455,"[26.644394192366676, 36.19314728005695, 36.78511182822862, 48.06971728729176]",metrics_K-PFK80_M__F3.txt,Results\metrics_K-PFK80_M__F3.txt,26.644394192366676,36.19314728005695,36.78511182822862,48.06971728729176
,,-12.41,-9.85,1.64,19.95,9127.205761,1.1223e-05,46.25,25.78,102.989183,57.400404,"[35.4288003366687, 53.775627488324034, 53.78477413278269, 72.59865127390952]",metrics_K-PFK80_M__F8.txt,Results\metrics_K-PFK80_M__F8.txt,35.4288003366687,53.775627488324034,53.78477413278269,72.59865127390952
,,-12.4,-9.85,1.64,19.9,9127.205759,8.40349e-06,41.63,25.5,92.688753,56.788815,"[32.33080142227844, 55.62043466186917, 55.68660133685941, 73.98141461880684]",metrics_K-PFK80_M__F8HT.txt,Results\metrics_K-PFK80_M__F8HT.txt,32.33080142227844,55.62043466186917,55.68660133685941,73.98141461880684
,,-19.55,-8.85,12.83,16.24,9127.191803,-2.03073e-05,43.4,22.0,96.629578,48.981977,"[26.710380995385925, 38.94199356738066, 39.326468692473796, 54.73636662008204]",metrics_K-PFK80_M__LZ_F1.txt,Results\metrics_K-PFK80_M__LZ_F1.txt,26.710380995385925,38.94199356738066,39.326468692473796,54.73636662008204
,,-17.49,-8.91,10.52,14.59,9127.188177,-1.80324e-05,35.81,19.01,79.744618,42.329367,"[18.617954769780734, 34.881529390530474, 34.761659773286624, 52.17458157877289]",metrics_K-PFK80_M__LZ_F8.txt,Results\metrics_K-PFK80_M__LZ_F8.txt,18.617954769780734,34.881529390530474,34.761659773286624,52.17458157877289
,,-20.64,-9.01,13.69,14.81,9127.193427,-2.18654e-05,38.72,21.87,86.213149,48.702653,"[20.62268473091099, 42.08079739858375, 42.44602722002276, 61.9272856715486]",metrics_K-PFK80_M__PBM11.txt,Results\metrics_K-PFK80_M__PBM11.txt,20.62268473091099,42.08079739858375,42.44602722002276,61.9272856715486
,,-11.58,-9.78,0.86,19.3,9127.207314,8.81414e-06,38.01,25.39,84.6242,56.528444,"[30.490268372296, 56.84587049770552, 56.72452266599838, 75.80495630608715]",metrics_K-PFK80_M__PBM18Y.txt,Results\metrics_K-PFK80_M__PBM18Y.txt,30.490268372296,56.84587049770552,56.72452266599838,75.80495630608715
,,-20.88,-9.01,13.94,15.33,9127.192912,-2.21617e-05,42.23,20.76,94.025887,46.224227,"[24.390388411389093, 35.7260260131674, 35.59154527274355, 51.2648722259886]",metrics_K-PFK80_M__PBM2Y.txt,Results\metrics_K-PFK80_M__PBM2Y.txt,24.390388411389093,35.7260260131674,35.59154527274355,51.2648722259886
,,-21.23,-8.94,14.41,16.31,9127.190155,-2.2192e-05,45.59,22.47,101.504252,50.042959,"[28.224414848830165, 38.15745943279046, 38.20485620502569, 52.94738805036446]",metrics_K-PFK80_M__PBM3.txt,Results\metrics_K-PFK80_M__PBM3.txt,28.224414848830165,38.15745943279046,38.20485620502569,52.94738805036446
,,-12.42,-9.85,1.66,20.0,9127.205776,8.55048e-06,42.38,25.64,94.368422,57.091042,"[32.7563171551562, 55.914328932948756, 55.872461893032906, 74.71840971200604]",metrics_K-PFK80_M__PBM8Y.txt,Results\metrics_K-PFK80_M__PBM8Y.txt,32.7563171551562,55.914328932948756,55.872461893032906,74.71840971200604
,,-20.66,-9.15,13.11,12.76,9127.205039,-1.61777e-05,38.58,20.61,85.913448,45.892424,"[21.26372359062338, 38.92860990837639, 39.053446414683464, 56.03444369296032]",metrics_K-PFK80_M__SF7.txt,Results\metrics_K-PFK80_M__SF7.txt,21.26372359062338,38.92860990837639,39.053446414683464,56.03444369296032
K-PFK80,PBM11,-21.27,-9.01,14.35,14.23,9127.191665,-2.70028e-05,40.23,22.89,89.584191,50.958952,"[26.68849602803997, 44.188766660966664, 44.328000738826034, 63.613071951023954]",metrics_K-PFK80_PBM11.txt,Results\metrics_K-PFK80_PBM11.txt,26.68849602803997,44.188766660966664,44.328000738826034,63.613071951023954
K-PFK80,PBM18Y,-17.08,-10.09,5.8,19.04,9127.185047,3.49561e-06,45.35,21.98,100.972726,48.940005,"[34.26481206965654, 43.28257482810274, 43.165131119368056, 46.48024999356174]",metrics_K-PFK80_PBM18Y.txt,Results\metrics_K-PFK80_PBM18Y.txt,34.26481206965654,43.28257482810274,43.165131119368056,46.48024999356174
K-PFK80,PBM2Y,-21.38,-9.0,14.49,14.76,9127.191102,-2.37441e-05,42.22,20.95,94.015756,46.653959,"[23.904845431130042, 35.65040692399701, 35.60217726711838, 54.10078454949491]",metrics_K-PFK80_PBM2Y.txt,Results\metrics_K-PFK80_PBM2Y.txt,23.904845431130042,35.65040692399701,35.60217726711838,54.10078454949491
K-PFK80,PBM3,-16.77,-10.22,5.08,16.55,9127.200713,3.65035e-06,40.23,20.43,89.578845,45.492024,"[22.991644895443898, 45.62788744833066, 45.52690933545345, 52.48272608458841]",metrics_K-PFK80_PBM3.txt,Results\metrics_K-PFK80_PBM3.txt,22.991644895443898,45.62788744833066,45.52690933545345,52.48272608458841
K-PFK80,PBM8Y,-16.85,-10.06,5.64,19.68,9127.185454,4.26808e-06,47.97,22.82,106.800555,50.813715,"[35.35354618187236, 45.231247696351474, 45.28675072850914, 47.39990982175897]",metrics_K-PFK80_PBM8Y.txt,Results\metrics_K-PFK80_PBM8Y.txt,35.35354618187236,45.231247696351474,45.28675072850914,47.39990982175897
K-PFK80,SF7,-8.42,-9.86,-1.75,12.28,9127.19893,7.91037e-06,37.9,22.57,84.396042,50.248105,"[7.68945117173736, 49.4479575630522, 49.317638084655044, 74.62881044641301]",metrics_K-PFK80_SF7.txt,Results\metrics_K-PFK80_SF7.txt,7.68945117173736,49.4479575630522,49.317638084655044,74.62881044641301
K-PFK85,ADF355,-16.84,-9.65,7.46,17.72,9127.194634,8.28561e-06,50.72,22.72,112.931683,50.590874,"[35.38148912690087, 34.569295961606755, 34.082859294062985, 30.564348105839407]",metrics_K-PFK85_ADF355.txt,Results\metrics_K-PFK85_ADF355.txt,35.38148912690087,34.569295961606755,34.082859294062985,30.564348105839407
K-PFK85,BAFD1,-19.57,-9.24,12.06,15.5,9127.192382,-9.41389e-06,39.63,20.05,88.230526,44.635075,"[21.16200337992798, 36.68337074517018, 36.092708646760016, 46.27642414009304]",metrics_K-PFK85_BAFD1.txt,Results\metrics_K-PFK85_BAFD1.txt,21.16200337992798,36.68337074517018,36.092708646760016,46.27642414009304
K-PFK85,BAFD3,-16.88,-8.85,9.76,17.08,9127.19004,-1.15265e-05,46.82,25.11,104.260689,55.915975,"[22.428821284884663, 52.73092646283834, 52.61329057269674, 73.47855104728659]",metrics_K-PFK85_BAFD3.txt,Results\metrics_K-PFK85_BAFD3.txt,22.428821284884663,52.73092646283834,52.61329057269674,73.47855104728659
K-PFK85,C04-38,-16.76,-8.85,9.69,14.55,9127.189694,-1.41705e-05,37.87,19.39,84.31159,43.17597,"[22.313324997591167, 35.47204382678682, 35.20397647005774, 47.07658932915375]",metrics_K-PFK85_C04-38.txt,Results\metrics_K-PFK85_C04-38.txt,22.313324997591167,35.47204382678682,35.20397647005774,47.07658932915375
K-PFK85,C20-36,-19.87,-9.23,12.44,11.92,9127.191218,-1.79913e-05,37.63,20.57,83.798408,45.804499,"[21.672316840199898, 39.806754241594206, 39.71805865932393, 57.31687346064777]",metrics_K-PFK85_C20-36.txt,Results\metrics_K-PFK85_C20-36.txt,21.672316840199898,39.806754241594206,39.71805865932393,57.31687346064777
K-PFK85,C26-36,-7.65,-9.59,-2.03,11.0,9127.197108,5.16093e-06,36.72,22.55,81.758634,50.201849,"[4.286426178480504, 51.4849718745278, 51.42031049460937, 76.30328215639409]",metrics_K-PFK85_C26-36.txt,Results\metrics_K-PFK85_C26-36.txt,4.286426178480504,51.4849718745278,51.42031049460937,76.30328215639409
K-PFK85,C37-35,-18.24,-9.74,8.89,10.31,9127.194354,-8.70508e-06,39.56,23.46,88.08508,52.24,"[14.010246405611294, 50.85858997850236, 50.67975169451526, 68.87268469558269]",metrics_K-PFK85_C37-35.txt,Results\metrics_K-PFK85_C37-35.txt,14.010246405611294,50.85858997850236,50.67975169451526,68.87268469558269
K-PFK85,E-F1,-19.7,-9.3,12.15,10.96,9127.192759,-1.63446e-05,37.88,21.08,84.351962,46.92674,"[24.19016012626693, 41.67160676878265, 41.48554936787998, 57.19912392971209]",metrics_K-PFK85_E-F1.txt,Results\metrics_K-PFK85_E-F1.txt,24.19016012626693,41.67160676878265,41.48554936787998,57.19912392971209
K-PFK85,E-F3,-18.79,-8.97,11.35,12.98,9127.204574,-1.51855e-05,37.49,18.55,83.478861,41.296495,"[20.818969082687957, 33.17030798086391, 32.96555365647626, 47.89614436407494]",metrics_K-PFK85_E-F3.txt,Results\metrics_K-PFK85_E-F3.txt,20.818969082687957,33.17030798086391,32.96555365647626,47.89614436407494
K-PFK85,F11,-18.42,-9.07,10.85,11.52,9127.202689,-2.1789e-05,41.42,24.55,92.233578,54.656096,"[19.066724613773204, 52.07791168586165, 52.72919638690778, 75.84984417916611]",metrics_K-PFK85_F11.txt,Results\metrics_K-PFK85_F11.txt,19.066724613773204,52.07791168586165,52.72919638690778,75.84984417916611
K-PFK85,F14HT,-16.96,-8.83,9.94,14.75,9127.188456,-1.47204e-05,38.68,20.02,86.131001,44.585498,"[22.95245557479759, 36.54169316768418, 36.4225212909123, 51.28687626683254]",metrics_K-PFK85_F14HT.txt,Results\metrics_K-PFK85_F14HT.txt,22.95245557479759,36.54169316768418,36.4225212909123,51.28687626683254
K-PFK85,F2HT,-19.86,-9.23,12.43,12.01,9127.191226,-1.78206e-05,37.53,20.44,83.566053,45.507989,"[20.97575028087885, 39.20975895991825, 39.029820293450854, 57.00296398378405]",metrics_K-PFK85_F2HT.txt,Results\metrics_K-PFK85_F2HT.txt,20.97575028087885,39.20975895991825,39.029820293450854,57.00296398378405
K-PFK85,F3,-19.36,-9.16,12.03,12.42,9127.190673,-1.39529e-05,36.22,19.29,80.642315,42.955869,"[15.314524374853931, 36.01109902218346, 36.42890679930776, 54.70122872033309]",metrics_K-PFK85_F3.txt,Results\metrics_K-PFK85_F3.txt,15.314524374853931,36.01109902218346,36.42890679930776,54.70122872033309
K-PFK85,F8,-20.4,-8.82,13.29,15.73,9127.202414,-1.72562e-05,48.65,25.01,108.320111,55.69269,"[27.5113215980913, 45.99585201098835, 45.76969299601595, 71.31643764588938]",metrics_K-PFK85_F8.txt,Results\metrics_K-PFK85_F8.txt,27.5113215980913,45.99585201098835,45.76969299601595,71.31643764588938
K-PFK85,F8HT,-20.41,-8.82,13.29,15.69,9127.202413,-1.93704e-05,46.2,23.57,102.879801,52.490789,"[29.123949925173235, 42.52508237570039, 41.95881701522329, 64.91761738226806]",metrics_K-PFK85_F8HT.txt,Results\metrics_K-PFK85_F8HT.txt,29.123949925173235,42.52508237570039,41.95881701522329,64.91761738226806
K-PFK85,LZ_F1,-18.8,-8.97,11.36,12.83,9127.204578,-1.90897e-05,36.11,19.32,80.393968,43.007564,"[18.22684080806166, 34.088639981289525, 34.065981743454444, 53.39303471426423]",metrics_K-PFK85_LZ_F1.txt,Results\metrics_K-PFK85_LZ_F1.txt,18.22684080806166,34.088639981289525,34.065981743454444,53.39303471426423
K-PFK85,LZ_F8,-19.91,-9.3,12.36,10.91,9127.192459,-1.91797e-05,39.38,22.81,87.680655,50.799469,"[26.153994471470227, 45.80870458424827, 45.886062904439186, 63.77460673185578]",metrics_K-PFK85_LZ_F8.txt,Results\metrics_K-PFK85_LZ_F8.txt,26.153994471470227,45.80870458424827,45.886062904439186,63.77460673185578
,,-16.96,-9.7,7.5,17.85,9127.194317,8.578e-06,52.18,23.32,116.191289,51.929678,"[35.90039718378524, 32.70420656163724, 32.94701209360839, 33.12088580634399]",metrics_K-PFK85_M__ADF355.txt,Results\metrics_K-PFK85_M__ADF355.txt,35.90039718378524,32.70420656163724,32.94701209360839,33.12088580634399
,,-17.28,-9.55,8.13,15.76,9127.19485,-2.66412e-06,35.12,18.63,78.198544,41.472042,"[22.723314295267194, 38.65602121645467, 38.846070867370685, 46.635855774294456]",metrics_K-PFK85_M__BAFD1.txt,Results\metrics_K-PFK85_M__BAFD1.txt,22.723314295267194,38.65602121645467,38.846070867370685,46.635855774294456
,,-18.03,-8.85,10.66,17.13,9127.204751,-6.02706e-06,45.72,26.15,101.802584,58.215598,"[26.019896589023663, 56.0269371099902, 55.63770789993906, 77.34172852328948]",metrics_K-PFK85_M__BAFD3.txt,Results\metrics_K-PFK85_M__BAFD3.txt,26.019896589023663,56.0269371099902,55.63770789993906,77.34172852328948
,,-17.86,-8.84,10.55,14.58,9127.204897,-1.52136e-05,39.0,19.49,86.837452,43.400101,"[22.855568796810886, 35.14651173274663, 34.942255010569, 45.89049144359191]",metrics_K-PFK85_M__C04-38.txt,Results\metrics_K-PFK85_M__C04-38.txt,22.855568796810886,35.14651173274663,34.942255010569,45.89049144359191
,,-19.72,-9.27,12.19,12.0,9127.192127,-1.71898e-05,37.35,20.41,83.162086,45.453515,"[20.114161368293516, 39.53780476054497, 39.351372231663326, 56.75568511426492]",metrics_K-PFK85_M__C20-36.txt,Results\metrics_K-PFK85_M__C20-36.txt,20.114161368293516,39.53780476054497,39.351372231663326,56.75568511426492
,,-18.32,-9.66,9.11,10.89,9127.194414,-9.75349e-06,38.6,22.49,85.937837,50.076008,"[15.87436143388397, 48.06879583225644, 47.73580491871981, 64.6635611641724]",metrics_K-PFK85_M__C26-36.txt,Results\metrics_K-PFK85_M__C26-36.txt,15.87436143388397,48.06879583225644,47.73580491871981,64.6635611641724
,,-18.01,-9.78,8.58,10.41,9127.194158,-7.91315e-06,39.27,23.3,87.443261,51.878335,"[13.651628964450726, 50.660745336129814, 50.35711528324657, 69.36284748513042]",metrics_K-PFK85_M__C37-35.txt,Results\metrics_K-PFK85_M__C37-35.txt,13.651628964450726,50.660745336129814,50.35711528324657,69.36284748513042
,,-18.33,-9.66,9.11,10.96,9127.194418,-8.10393e-06,37.53,21.23,83.557466,47.279357,"[13.738924895528797, 44.85070549759713, 44.32091831533201, 59.79341393465791]",metrics_K-PFK85_M__E-F1.txt,Results\metrics_K-PFK85_M__E-F1.txt,13.738924895528797,44.85070549759713,44.32091831533201,59.79341393465791
,,-19.19,-9.15,11.84,13.02,9127.190734,-1.61579e-05,38.26,18.9,85.19227,42.082838,"[21.320238368433767, 33.2531461468551, 33.53383232016751, 48.859548576015854]",metrics_K-PFK85_M__E-F3.txt,Results\metrics_K-PFK85_M__E-F3.txt,21.320238368433767,33.2531461468551,33.53383232016751,48.859548576015854
,,-17.18,-9.13,9.69,11.66,9127.194233,-1.99617e-05,39.91,23.83,88.859216,53.055739,"[17.486073972204387, 51.78246689782355, 51.7544536621079, 73.76126628935678]",metrics_K-PFK85_M__F11.txt,Results\metrics_K-PFK85_M__F11.txt,17.486073972204387,51.78246689782355,51.7544536621079,73.76126628935678
,,-16.24,-8.76,8.93,14.85,9127.202981,-1.24068e-05,37.39,19.63,83.246474,43.7186,"[20.68353638401237, 36.758305228418386, 36.48430334472369, 50.1040995736886]",metrics_K-PFK85_M__F14HT.txt,Results\metrics_K-PFK85_M__F14HT.txt,20.68353638401237,36.758305228418386,36.48430334472369,50.1040995736886
,,-19.71,-9.27,12.19,12.09,9127.192121,-1.70817e-05,37.25,20.29,82.947372,45.174321,"[19.486280972618424, 38.78233647925788, 39.08713582435522, 56.34673984317995]",metrics_K-PFK85_M__F2HT.txt,Results\metrics_K-PFK85_M__F2HT.txt,19.486280972618424,38.78233647925788,39.08713582435522,56.34673984317995
,,-19.78,-9.23,12.33,12.47,9127.191228,-1.66383e-05,37.08,19.68,82.570482,43.82813,"[17.131061400176385, 35.959066514836636, 35.83138072781853, 54.382022896680496]",metrics_K-PFK85_M__F3.txt,Results\metrics_K-PFK85_M__F3.txt,17.131061400176385,35.959066514836636,35.83138072781853,54.382022896680496
,,-16.5,-8.77,9.5,15.97,9127.188367,-1.09113e-05,45.52,24.56,101.349571,54.679827,"[19.980814653015393, 52.475045741831025, 52.11909120110923, 71.59240532044137]",metrics_K-PFK85_M__F8.txt,Results\metrics_K-PFK85_M__F8.txt,19.980814653015393,52.475045741831025,52.11909120110923,71.59240532044137
,,-16.51,-8.77,9.5,15.93,9127.188369,-1.29488e-05,42.06,23.47,93.660215,52.25293,"[21.31935151262313, 46.98435764923758, 46.85251342140643, 70.14355775767147]",metrics_K-PFK85_M__F8HT.txt,Results\metrics_K-PFK85_M__F8HT.txt,21.31935151262313,46.98435764923758,46.85251342140643,70.14355775767147
,,-19.2,-9.15,11.85,12.87,9127.190746,-1.6981e-05,36.35,19.39,80.934825,43.177545,"[17.113250916678403, 35.8042671994353, 36.01122073371563, 53.94832567656682]",metrics_K-PFK85_M__LZ_F1.txt,Results\metrics_K-PFK85_M__LZ_F1.txt,17.113250916678403,35.8042671994353,36.01122073371563,53.94832567656682
,,-18.19,-9.64,8.99,10.92,9127.194513,-1.06074e-05,39.06,22.97,86.982926,51.137365,"[16.69384929882786, 49.0190879375274, 49.10018331758296, 67.18068831948642]",metrics_K-PFK85_M__LZ_F8.txt,Results\metrics_K-PFK85_M__LZ_F8.txt,16.69384929882786,49.0190879375274,49.10018331758296,67.18068831948642
,,-17.19,-9.13,9.69,11.56,9127.194239,-1.99667e-05,40.19,23.99,89.498248,53.415581,"[17.20044883310394, 51.915716137812396, 51.751473070082945, 74.98523392479865]",metrics_K-PFK85_M__PBM11.txt,Results\metrics_K-PFK85_M__PBM11.txt,17.20044883310394,51.915716137812396,51.751473070082945,74.98523392479865
,,-15.97,-8.49,8.72,15.54,9127.202617,-1.1083e-05,39.85,22.28,88.725953,49.615428,"[19.424438214001242, 44.32841317516504, 44.03399763629916, 66.42985596877841]",metrics_K-PFK85_M__PBM18Y.txt,Results\metrics_K-PFK85_M__PBM18Y.txt,19.424438214001242,44.32841317516504,44.03399763629916,66.42985596877841
,,-19.72,-9.27,12.2,11.96,9127.192134,-1.737e-05,37.39,20.5,83.244373,45.643381,"[20.29309518957391, 39.83237906852395, 39.835473493046685, 56.746600451476105]",metrics_K-PFK85_M__PBM2Y.txt,Results\metrics_K-PFK85_M__PBM2Y.txt,20.29309518957391,39.83237906852395,39.835473493046685,56.746600451476105
,,-19.19,-9.15,11.84,13.02,9127.190743,-1.35306e-05,35.97,18.97,80.098991,42.240136,"[16.279374918807378, 35.03073715663943, 35.08873265098707, 53.278705244158544]",metrics_K-PFK85_M__PBM3.txt,Results\metrics_K-PFK85_M__PBM3.txt,16.279374918807378,35.03073715663943,35.08873265098707,53.278705244158544
,,-16.5,-8.77,9.5,16.02,9127.188367,-1.28579e-05,42.52,23.74,94.679376,52.861517,"[21.251213877556744, 47.83128258102592, 47.65362943656686, 70.81939819239332]",metrics_K-PFK85_M__PBM8Y.txt,Results\metrics_K-PFK85_M__PBM8Y.txt,21.251213877556744,47.83128258102592,47.65362943656686,70.81939819239332
,,-17.96,-9.83,8.45,9.17,9127.194067,-6.16327e-06,40.93,24.7,91.142051,54.99681,"[10.102846973878012, 53.880464702740824, 54.45251779615543, 73.35796293650117]",metrics_K-PFK85_M__SF7.txt,Results\metrics_K-PFK85_M__SF7.txt,10.102846973878012,53.880464702740824,54.45251779615543,73.35796293650117
K-PFK85,PBM11,-18.42,-9.07,10.85,11.43,9127.202699,-2.18099e-05,41.69,24.71,92.83687,55.00927,"[18.790992939957302, 52.50607837278324, 53.04237408719114, 76.29656313804162]",metrics_K-PFK85_PBM11.txt,Results\metrics_K-PFK85_PBM11.txt,18.790992939957302,52.50607837278324,53.04237408719114,76.29656313804162
K-PFK85,PBM18Y,-19.38,-8.77,12.37,15.26,9127.201834,-1.82375e-05,44.13,22.63,98.269558,50.38967,"[27.434857557242005, 40.472596147199724, 40.27654615245497, 61.86253311080698]",metrics_K-PFK85_PBM18Y.txt,Results\metrics_K-PFK85_PBM18Y.txt,27.434857557242005,40.472596147199724,40.27654615245497,61.86253311080698
K-PFK85,PBM2Y,-19.96,-9.24,12.52,11.87,9127.191161,-1.82079e-05,37.77,20.7,84.089295,46.09826,"[22.096011055421442, 40.18036347027873, 39.926781430969555, 57.56821039250457]",metrics_K-PFK85_PBM2Y.txt,Results\metrics_K-PFK85_PBM2Y.txt,22.096011055421442,40.18036347027873,39.926781430969555,57.56821039250457
K-PFK85,PBM3,-18.65,-9.07,11.41,12.98,9127.190265,-1.88738e-05,36.24,19.19,80.690419,42.736527,"[18.666171959709843, 33.97971715179388, 34.2254092640319, 52.30427896748219]",metrics_K-PFK85_PBM3.txt,Results\metrics_K-PFK85_PBM3.txt,18.666171959709843,33.97971715179388,34.2254092640319,52.30427896748219
K-PFK85,PBM8Y,-20.4,-8.82,13.29,15.78,9127.202416,-1.92731e-05,46.53,23.86,103.606361,53.120428,"[29.050311262156292, 43.537343862642146, 43.31893261229236, 65.60065132528004]",metrics_K-PFK85_PBM8Y.txt,Results\metrics_K-PFK85_PBM8Y.txt,29.050311262156292,43.537343862642146,43.31893261229236,65.60065132528004
K-PFK85,SF7,-18.27,-9.79,8.83,9.07,9127.194216,-7.04132e-06,41.54,24.94,92.488801,55.54034,"[10.576126948685163, 53.721520694579475, 53.99363492118742, 73.43490896092115]",metrics_K-PFK85_SF7.txt,Results\metrics_K-PFK85_SF7.txt,10.576126948685163,53.721520694579475,53.99363492118742,73.43490896092115
M-FCD1,ADF355,-19.78,-9.09,12.51,20.04,9127.1899,-4.24741e-06,61.78,29.99,137.552806,66.769079,"[34.79290461424482, 44.42114683995441, 43.89329024469495, 79.18463053942179]",metrics_M-FCD1_ADF355.txt,Results\metrics_M-FCD1_ADF355.txt,34.79290461424482,44.42114683995441,43.89329024469495,79.18463053942179
M-FCD1,BAFD1,-20.7,-8.97,13.74,18.14,9127.192921,-1.88386e-05,49.45,26.14,110.10153,58.201977,"[29.155961348423446, 48.15209640314369, 48.058959891211195, 74.09916167609629]",metrics_M-FCD1_BAFD1.txt,Results\metrics_M-FCD1_BAFD1.txt,29.155961348423446,48.15209640314369,48.058959891211195,74.09916167609629
M-FCD1,BAFD3,-15.4,-9.26,5.68,20.13,9127.201113,4.13039e-06,46.71,25.72,104.013171,57.268883,"[37.679564008392234, 51.757338412826925, 51.758398090978446, 71.45216063280523]",metrics_M-FCD1_BAFD3.txt,Results\metrics_M-FCD1_BAFD3.txt,37.679564008392234,51.757338412826925,51.758398090978446,71.45216063280523
M-FCD1,C04-38,-13.94,-9.36,3.97,17.38,9127.18495,1.94619e-06,34.51,20.58,76.845899,45.826874,"[26.969833891734847, 45.074409770353824, 45.00067832003858, 55.10046429394956]",metrics_M-FCD1_C04-38.txt,Results\metrics_M-FCD1_C04-38.txt,26.969833891734847,45.074409770353824,45.00067832003858,55.10046429394956
M-FCD1,C20-36,-21.35,-9.0,14.47,14.64,9127.19109,-2.44072e-05,41.78,20.96,93.018972,46.678783,"[23.30661114399942, 35.91683143942696, 34.535792384249234, 54.8261337072383]",metrics_M-FCD1_C20-36.txt,Results\metrics_M-FCD1_C20-36.txt,23.30661114399942,35.91683143942696,34.535792384249234,54.8261337072383
M-FCD1,C26-36,-20.95,-8.95,13.78,13.67,9127.202661,-2.40494e-05,39.48,20.96,87.908264,46.671208,"[23.767546047274728, 37.82827225775132, 37.68574757501706, 57.69374310613591]",metrics_M-FCD1_C26-36.txt,Results\metrics_M-FCD1_C26-36.txt,23.767546047274728,37.82827225775132,37.68574757501706,57.69374310613591
M-FCD1,C37-35,-19.01,-9.08,11.9,13.28,9127.189134,-2.09644e-05,36.87,20.18,82.103245,44.942286,"[19.462058858434162, 38.77394977693661, 38.507329093214636, 56.665102587562885]",metrics_M-FCD1_C37-35.txt,Results\metrics_M-FCD1_C37-35.txt,19.462058858434162,38.77394977693661,38.507329093214636,56.665102587562885
M-FCD1,E-F1,-20.92,-8.95,13.76,13.73,9127.202655,-2.20101e-05,39.58,20.38,88.119597,45.384903,"[21.185159470095083, 34.85736972705042, 34.90481524994495, 55.78260149411602]",metrics_M-FCD1_E-F1.txt,Results\metrics_M-FCD1_E-F1.txt,21.185159470095083,34.85736972705042,34.90481524994495,55.78260149411602
M-FCD1,E-F3,-16.83,-10.29,5.25,16.36,9127.194324,5.53078e-06,41.21,20.37,91.758046,45.349048,"[24.687124590289322, 41.77335066695092, 41.72151491543634, 47.57230859004813]",metrics_M-FCD1_E-F3.txt,Results\metrics_M-FCD1_E-F3.txt,24.687124590289322,41.77335066695092,41.72151491543634,47.57230859004813
M-FCD1,F11,-18.8,-8.78,11.89,14.33,9127.202263,-2.69051e-05,37.27,21.59,82.979443,48.072896,"[22.96496684740633, 43.502002232173155, 43.50303711729407, 61.21560671991874]",metrics_M-FCD1_F11.txt,Results\metrics_M-FCD1_F11.txt,22.96496684740633,43.502002232173155,43.50303711729407,61.21560671991874
M-FCD1,F14HT,-14.68,-9.9,3.98,17.87,9127.186968,2.55464e-06,36.1,21.46,80.376493,47.772346,"[29.09222703560611, 47.78112332975173, 48.11097540746313, 59.085399239459484]",metrics_M-FCD1_F14HT.txt,Results\metrics_M-FCD1_F14HT.txt,29.09222703560611,47.78112332975173,48.11097540746313,59.085399239459484
M-FCD1,F2HT,-21.34,-8.99,14.46,14.72,9127.19108,-2.42891e-05,41.94,20.96,93.383652,46.680063,"[23.54485203856428, 35.779236754782204, 35.29751532164562, 54.78258322450931]",metrics_M-FCD1_F2HT.txt,Results\metrics_M-FCD1_F2HT.txt,23.54485203856428,35.779236754782204,35.29751532164562,54.78258322450931
M-FCD1,F3,-21.44,-8.96,14.62,15.09,9127.19013,-2.37678e-05,43.54,21.25,96.949169,47.308548,"[25.527795620646092, 35.743348602792395, 35.398234003734444, 51.384064449471225]",metrics_M-FCD1_F3.txt,Results\metrics_M-FCD1_F3.txt,25.527795620646092,35.743348602792395,35.398234003734444,51.384064449471225
M-FCD1,F8,-15.93,-10.09,4.78,19.41,9127.186593,6.55624e-06,48.76,23.22,108.572239,51.691322,"[36.61859521279278, 45.38372102895696, 45.33633533060465, 49.7309297814622]",metrics_M-FCD1_F8.txt,Results\metrics_M-FCD1_F8.txt,36.61859521279278,45.38372102895696,45.33633533060465,49.7309297814622
M-FCD1,F8HT,-15.92,-10.09,4.77,19.36,9127.186574,3.69417e-06,43.93,22.64,97.824718,50.402512,"[33.40763006389228, 48.07669376509972, 47.515221764958085, 53.283769492990345]",metrics_M-FCD1_F8HT.txt,Results\metrics_M-FCD1_F8HT.txt,33.40763006389228,48.07669376509972,47.515221764958085,53.283769492990345
M-FCD1,LZ_F1,-16.91,-10.23,5.2,16.18,9127.20068,1.96508e-06,39.59,20.68,88.155144,46.043659,"[21.149390718055965, 45.43069957604599, 45.37113898789684, 54.10340011247208]",metrics_M-FCD1_LZ_F1.txt,Results\metrics_M-FCD1_LZ_F1.txt,21.149390718055965,45.43069957604599,45.37113898789684,54.10340011247208
M-FCD1,LZ_F8,-20.89,-9.03,13.92,13.68,9127.193184,-2.54971e-05,39.71,21.36,88.427921,47.554161,"[25.411457187736957, 39.069166827430365, 38.926882150113414, 58.91734520346486]",metrics_M-FCD1_LZ_F8.txt,Results\metrics_M-FCD1_LZ_F8.txt,25.411457187736957,39.069166827430365,38.926882150113414,58.91734520346486
M-FCD1,PBM11,-18.62,-8.85,11.85,14.25,9127.193758,-2.71469e-05,37.36,21.69,83.17576,48.29151,"[23.042250198001376, 43.85419406962028, 43.89903007751653, 61.523745666422826]",metrics_M-FCD1_PBM11.txt,Results\metrics_M-FCD1_PBM11.txt,23.042250198001376,43.85419406962028,43.89903007751653,61.523745666422826
M-FCD1,PBM18Y,-15.75,-9.89,4.57,18.7,9127.203741,3.5551e-06,40.65,22.15,90.503615,49.320911,"[31.376563074386453, 47.819361206429065, 48.2777370455195, 56.052188396775115]",metrics_M-FCD1_PBM18Y.txt,Results\metrics_M-FCD1_PBM18Y.txt,31.376563074386453,47.819361206429065,48.2777370455195,56.052188396775115
M-FCD1,PBM2Y,-21.36,-9.0,14.47,14.59,9127.191101,-2.46153e-05,41.69,20.99,92.833639,46.747479,"[23.166761397579094, 36.04009526414487, 34.633351694832676, 55.417575158705006]",metrics_M-FCD1_PBM2Y.txt,Results\metrics_M-FCD1_PBM2Y.txt,23.166761397579094,36.04009526414487,34.633351694832676,55.417575158705006
M-FCD1,PBM3,-16.83,-10.29,5.25,16.36,9127.194324,2.25433e-06,39.84,20.55,88.710122,45.752412,"[21.249154726193517, 45.03405010572435, 45.17579109047528, 53.62142760229695]",metrics_M-FCD1_PBM3.txt,Results\metrics_M-FCD1_PBM3.txt,21.249154726193517,45.03405010572435,45.17579109047528,53.62142760229695
M-FCD1,PBM8Y,-15.94,-10.09,4.79,19.46,9127.186597,3.8428e-06,44.73,22.79,99.586803,50.750297,"[33.84733493024914, 47.61123139832836, 47.50962880848091, 53.06879764454885]",metrics_M-FCD1_PBM8Y.txt,Results\metrics_M-FCD1_PBM8Y.txt,33.84733493024914,47.61123139832836,47.50962880848091,53.06879764454885
M-FCD1,SF7,-19.71,-9.17,12.5,12.09,9127.189965,-1.44154e-05,37.59,20.68,83.69498,46.05661,"[18.733439942121393, 39.8502741260342, 39.57051526269393, 57.092091691165336]",metrics_M-FCD1_SF7.txt,Results\metrics_M-FCD1_SF7.txt,18.733439942121393,39.8502741260342,39.57051526269393,57.092091691165336
MC-FCD1-M20,ADF355,-8.21,-9.24,-1.02,20.47,9127.197165,1.92951e-05,50.94,27.53,113.413252,61.295389,"[39.149541459557895, 46.400555369717736, 46.27030998787616, 49.64424619073557]",metrics_MC-FCD1-M20_ADF355.txt,Results\metrics_MC-FCD1-M20_ADF355.txt,39.149541459557895,46.400555369717736,46.27030998787616,49.64424619073557
MC-FCD1-M20,BAFD1,-20.52,-8.96,13.55,18.18,9127.193218,-1.79197e-05,49.53,26.05,110.292841,57.996237,"[28.308103345520898, 48.58704822328411, 48.17213538650486, 74.36226405346093]",metrics_MC-FCD1-M20_BAFD1.txt,Results\metrics_MC-FCD1-M20_BAFD1.txt,28.308103345520898,48.58704822328411,48.17213538650486,74.36226405346093
MC-FCD1-M20,BAFD3,-15.47,-9.27,5.73,20.18,9127.201309,4.85159e-06,47.41,25.61,105.556504,57.029132,"[37.78131054932832, 50.976585303529276, 50.90478538729397, 70.23975419200036]",metrics_MC-FCD1-M20_BAFD3.txt,Results\metrics_MC-FCD1-M20_BAFD3.txt,37.78131054932832,50.976585303529276,50.90478538729397,70.23975419200036
MC-FCD1-M20,C04-38,-13.37,-9.43,3.39,17.43,9127.177581,3.35366e-06,34.28,20.75,76.336793,46.198316,"[26.479128422108573, 45.53030121224775, 45.86101982807251, 56.33167551258549]",metrics_MC-FCD1-M20_C04-38.txt,Results\metrics_MC-FCD1-M20_C04-38.txt,26.479128422108573,45.53030121224775,45.86101982807251,56.33167551258549
MC-FCD1-M20,C20-36,-19.0,-8.86,12.23,14.81,9127.193206,-2.0097e-05,39.61,19.81,88.202727,44.119579,"[22.441003069961887, 34.759422581126984, 34.77572835300985, 51.30129380252672]",metrics_MC-FCD1-M20_C20-36.txt,Results\metrics_MC-FCD1-M20_C20-36.txt,22.441003069961887,34.759422581126984,34.77572835300985,51.30129380252672
MC-FCD1-M20,C26-36,-20.53,-9.03,13.56,13.72,9127.193804,-2.33357e-05,39.25,20.71,87.391183,46.11848,"[22.568540677285764, 36.63941240600164, 36.31774830398501, 56.8711078224196]",metrics_MC-FCD1-M20_C26-36.txt,Results\metrics_MC-FCD1-M20_C26-36.txt,22.568540677285764,36.63941240600164,36.31774830398501,56.8711078224196
MC-FCD1-M20,C37-35,-18.84,-9.08,11.72,13.33,9127.189625,-1.99193e-05,36.69,19.92,81.697496,44.362743,"[18.759331938360376, 37.06887052358367, 37.41061281973901, 55.630160944425725]",metrics_MC-FCD1-M20_C37-35.txt,Results\metrics_MC-FCD1-M20_C37-35.txt,18.759331938360376,37.06887052358367,37.41061281973901,55.630160944425725
MC-FCD1-M20,E-F1,-20.51,-9.03,13.54,13.78,9127.193801,-2.13296e-05,39.58,20.18,88.138186,44.942044,"[21.410347826838894, 34.34703360483738, 35.172031116819646, 54.58960801250079]",metrics_MC-FCD1-M20_E-F1.txt,Results\metrics_MC-FCD1-M20_E-F1.txt,21.410347826838894,34.34703360483738,35.172031116819646,54.58960801250079
MC-FCD1-M20,E-F3,-16.59,-10.3,5.02,16.4,9127.194355,6.44765e-06,41.24,20.3,91.825131,45.189367,"[25.555842849600523, 41.66976263208508, 41.5980942773481, 46.29144638975545]",metrics_MC-FCD1-M20_E-F3.txt,Results\metrics_MC-FCD1-M20_E-F3.txt,25.555842849600523,41.66976263208508,41.5980942773481,46.29144638975545
MC-FCD1-M20,F11,-21.26,-9.01,14.34,14.19,9127.191765,-2.70846e-05,40.21,22.97,89.540176,51.139878,"[27.002337894085052, 44.24006744900405, 44.41846392576187, 62.961613663931814]",metrics_MC-FCD1-M20_F11.txt,Results\metrics_MC-FCD1-M20_F11.txt,27.002337894085052,44.24006744900405,44.41846392576187,62.961613663931814
MC-FCD1-M20,F14HT,-14.91,-9.71,3.94,17.89,9127.209983,4.00937e-06,35.79,21.23,79.70132,47.267248,"[27.919245151369708, 47.218680298004315, 47.23387902549575, 58.919697306082526]",metrics_MC-FCD1-M20_F14HT.txt,Results\metrics_MC-FCD1-M20_F14HT.txt,27.919245151369708,47.218680298004315,47.23387902549575,58.919697306082526
MC-FCD1-M20,F2HT,-18.99,-8.86,12.23,14.9,9127.193213,-1.99912e-05,39.79,19.86,88.605168,44.231194,"[22.678224135834277, 35.22602890342489, 34.82568625635088, 50.73139428861132]",metrics_MC-FCD1-M20_F2HT.txt,Results\metrics_MC-FCD1-M20_F2HT.txt,22.678224135834277,35.22602890342489,34.82568625635088,50.73139428861132
MC-FCD1-M20,F3,-19.82,-8.77,12.91,15.22,9127.203682,-2.00157e-05,41.87,20.54,93.221344,45.728702,"[24.78869589622923, 35.95913333618525, 34.69203061878767, 48.13565595285611]",metrics_MC-FCD1-M20_F3.txt,Results\metrics_MC-FCD1-M20_F3.txt,24.78869589622923,35.95913333618525,34.69203061878767,48.13565595285611
MC-FCD1-M20,F8,-17.12,-9.93,5.6,19.48,9127.206275,7.50958e-06,51.39,23.16,114.430989,51.558579,"[36.61361796207707, 40.724422227169, 40.76453181372723, 39.13324701756693]",metrics_MC-FCD1-M20_F8.txt,Results\metrics_MC-FCD1-M20_F8.txt,36.61361796207707,40.724422227169,40.76453181372723,39.13324701756693
MC-FCD1-M20,F8HT,-17.11,-9.94,5.6,19.44,9127.206272,4.62756e-06,46.58,22.21,103.725159,49.450628,"[34.4170371061422, 43.36011407245725, 43.69728780680228, 45.18227168795582]",metrics_MC-FCD1-M20_F8HT.txt,Results\metrics_MC-FCD1-M20_F8HT.txt,34.4170371061422,43.36011407245725,43.69728780680228,45.18227168795582
MC-FCD1-M20,LZ_F1,-16.63,-10.31,5.05,16.22,9127.194339,2.49704e-06,39.67,20.61,88.323575,45.880949,"[20.958030392235223, 45.33897109480907, 45.10297329304654, 52.861286890799526]",metrics_MC-FCD1-M20_LZ_F1.txt,Results\metrics_MC-FCD1-M20_LZ_F1.txt,20.958030392235223,45.33897109480907,45.10297329304654,52.861286890799526
MC-FCD1-M20,LZ_F8,-20.8,-9.03,13.83,13.72,9127.193409,-2.46075e-05,39.64,21.15,88.263868,47.087901,"[24.79280537782003, 38.20975461380651, 38.12663848081887, 57.796131294657414]",metrics_MC-FCD1-M20_LZ_F8.txt,Results\metrics_MC-FCD1-M20_LZ_F8.txt,24.79280537782003,38.20975461380651,38.12663848081887,57.796131294657414
MC-FCD1-M20,PBM11,-21.28,-9.02,14.36,14.1,9127.19178,-2.71118e-05,40.31,23.06,89.748095,51.353019,"[27.538854295654303, 44.486428255938385, 44.30021365488268, 63.34163784454357]",metrics_MC-FCD1-M20_PBM11.txt,Results\metrics_MC-FCD1-M20_PBM11.txt,27.538854295654303,44.486428255938385,44.30021365488268,63.34163784454357
MC-FCD1-M20,PBM18Y,-17.1,-9.96,5.56,18.89,9127.206056,4.12999e-06,44.54,21.59,99.173554,48.0677,"[33.5546767500763, 42.438972341731194, 42.4253745612842, 45.03615819497351]",metrics_MC-FCD1-M20_PBM18Y.txt,Results\metrics_MC-FCD1-M20_PBM18Y.txt,33.5546767500763,42.438972341731194,42.4253745612842,45.03615819497351
MC-FCD1-M20,PBM2Y,-19.0,-8.87,12.24,14.77,9127.193214,-2.02984e-05,39.52,19.83,88.001905,44.14452,"[22.303288876892843, 34.89177684500211, 34.97179625250172, 51.678176711768444]",metrics_MC-FCD1-M20_PBM2Y.txt,Results\metrics_MC-FCD1-M20_PBM2Y.txt,22.303288876892843,34.89177684500211,34.97179625250172,51.678176711768444
MC-FCD1-M20,PBM3,-16.59,-10.3,5.02,16.4,9127.194363,3.16228e-06,39.88,20.44,88.793694,45.507567,"[22.07031456144042, 44.81346120093711, 44.752541713650956, 51.894529491689646]",metrics_MC-FCD1-M20_PBM3.txt,Results\metrics_MC-FCD1-M20_PBM3.txt,22.07031456144042,44.81346120093711,44.752541713650956,51.894529491689646
MC-FCD1-M20,PBM8Y,-17.13,-9.93,5.62,19.54,9127.206316,4.77956e-06,47.38,22.4,105.486987,49.868003,"[34.8567010959144, 43.39019864068147, 43.612041582962334, 44.82841753198197]",metrics_MC-FCD1-M20_PBM8Y.txt,Results\metrics_MC-FCD1-M20_PBM8Y.txt,34.8567010959144,43.39019864068147,43.612041582962334,44.82841753198197
MC-FCD1-M20,SF7,-8.31,-9.91,-1.78,12.14,9127.197709,7.55309e-06,38.09,22.73,84.804157,50.609769,"[6.788496564414714, 50.003883423564865, 49.65658460505284, 74.73520102910842]",metrics_MC-FCD1-M20_SF7.txt,Results\metrics_MC-FCD1-M20_SF7.txt,6.788496564414714,50.003883423564865,49.65658460505284,74.73520102910842
MP-FCD1-M20,ADF355,-8.21,-9.24,-1.02,20.47,9127.197165,1.92951e-05,50.94,27.53,113.413252,61.295389,"[39.149541459557895, 46.400555369717736, 46.27030998787616, 49.64424619073557]",metrics_MP-FCD1-M20_ADF355.txt,Results\metrics_MP-FCD1-M20_ADF355.txt,39.149541459557895,46.400555369717736,46.27030998787616,49.64424619073557
MP-FCD1-M20,BAFD1,-20.52,-8.96,13.55,18.18,9127.193218,-1.79197e-05,49.53,26.05,110.292841,57.996237,"[28.308103345520898, 48.58704822328411, 48.17213538650486, 74.36226405346093]",metrics_MP-FCD1-M20_BAFD1.txt,Results\metrics_MP-FCD1-M20_BAFD1.txt,28.308103345520898,48.58704822328411,48.17213538650486,74.36226405346093
MP-FCD1-M20,BAFD3,-15.47,-9.27,5.73,20.18,9127.201309,4.85159e-06,47.41,25.61,105.556504,57.029132,"[37.78131054932832, 50.976585303529276, 50.90478538729397, 70.23975419200036]",metrics_MP-FCD1-M20_BAFD3.txt,Results\metrics_MP-FCD1-M20_BAFD3.txt,37.78131054932832,50.976585303529276,50.90478538729397,70.23975419200036
MP-FCD1-M20,C04-38,-13.37,-9.43,3.39,17.43,9127.177581,3.35366e-06,34.28,20.75,76.336793,46.198316,"[26.479128422108573, 45.53030121224775, 45.86101982807251, 56.33167551258549]",metrics_MP-FCD1-M20_C04-38.txt,Results\metrics_MP-FCD1-M20_C04-38.txt,26.479128422108573,45.53030121224775,45.86101982807251,56.33167551258549
MP-FCD1-M20,C20-36,-19.0,-8.86,12.23,14.81,9127.193206,-2.0097e-05,39.61,19.81,88.202727,44.119579,"[22.441003069961887, 34.759422581126984, 34.77572835300985, 51.30129380252672]",metrics_MP-FCD1-M20_C20-36.txt,Results\metrics_MP-FCD1-M20_C20-36.txt,22.441003069961887,34.759422581126984,34.77572835300985,51.30129380252672
MP-FCD1-M20,C26-36,-20.53,-9.03,13.56,13.72,9127.193804,-2.33357e-05,39.25,20.71,87.391183,46.11848,"[22.568540677285764, 36.63941240600164, 36.31774830398501, 56.8711078224196]",metrics_MP-FCD1-M20_C26-36.txt,Results\metrics_MP-FCD1-M20_C26-36.txt,22.568540677285764,36.63941240600164,36.31774830398501,56.8711078224196
MP-FCD1-M20,C37-35,-18.84,-9.08,11.72,13.33,9127.189625,-1.99193e-05,36.69,19.92,81.697496,44.362743,"[18.759331938360376, 37.06887052358367, 37.41061281973901, 55.630160944425725]",metrics_MP-FCD1-M20_C37-35.txt,Results\metrics_MP-FCD1-M20_C37-35.txt,18.759331938360376,37.06887052358367,37.41061281973901,55.630160944425725
MP-FCD1-M20,E-F1,-20.51,-9.03,13.54,13.78,9127.193801,-2.13296e-05,39.58,20.18,88.138186,44.942044,"[21.410347826838894, 34.34703360483738, 35.172031116819646, 54.58960801250079]",metrics_MP-FCD1-M20_E-F1.txt,Results\metrics_MP-FCD1-M20_E-F1.txt,21.410347826838894,34.34703360483738,35.172031116819646,54.58960801250079
MP-FCD1-M20,E-F3,-16.59,-10.3,5.02,16.4,9127.194355,6.44765e-06,41.24,20.3,91.825131,45.189367,"[25.555842849600523, 41.66976263208508, 41.5980942773481, 46.29144638975545]",metrics_MP-FCD1-M20_E-F3.txt,Results\metrics_MP-FCD1-M20_E-F3.txt,25.555842849600523,41.66976263208508,41.5980942773481,46.29144638975545
MP-FCD1-M20,F11,-21.26,-9.01,14.34,14.19,9127.191765,-2.70846e-05,40.21,22.97,89.540176,51.139878,"[27.002337894085052, 44.24006744900405, 44.41846392576187, 62.961613663931814]",metrics_MP-FCD1-M20_F11.txt,Results\metrics_MP-FCD1-M20_F11.txt,27.002337894085052,44.24006744900405,44.41846392576187,62.961613663931814
MP-FCD1-M20,F14HT,-14.91,-9.71,3.94,17.89,9127.209983,4.00937e-06,35.79,21.23,79.70132,47.267248,"[27.919245151369708, 47.218680298004315, 47.23387902549575, 58.919697306082526]",metrics_MP-FCD1-M20_F14HT.txt,Results\metrics_MP-FCD1-M20_F14HT.txt,27.919245151369708,47.218680298004315,47.23387902549575,58.919697306082526
MP-FCD1-M20,F2HT,-18.99,-8.86,12.23,14.9,9127.193213,-1.99912e-05,39.79,19.86,88.605168,44.231194,"[22.678224135834277, 35.22602890342489, 34.82568625635088, 50.73139428861132]",metrics_MP-FCD1-M20_F2HT.txt,Results\metrics_MP-FCD1-M20_F2HT.txt,22.678224135834277,35.22602890342489,34.82568625635088,50.73139428861132
MP-FCD1-M20,F3,-19.82,-8.77,12.91,15.22,9127.203682,-2.00157e-05,41.87,20.54,93.221344,45.728702,"[24.78869589622923, 35.95913333618525, 34.69203061878767, 48.13565595285611]",metrics_MP-FCD1-M20_F3.txt,Results\metrics_MP-FCD1-M20_F3.txt,24.78869589622923,35.95913333618525,34.69203061878767,48.13565595285611
MP-FCD1-M20,F8,-17.12,-9.93,5.6,19.48,9127.206275,7.50958e-06,51.39,23.16,114.430989,51.558579,"[36.61361796207707, 40.724422227169, 40.76453181372723, 39.13324701756693]",metrics_MP-FCD1-M20_F8.txt,Results\metrics_MP-FCD1-M20_F8.txt,36.61361796207707,40.724422227169,40.76453181372723,39.13324701756693
MP-FCD1-M20,F8HT,-17.11,-9.94,5.6,19.44,9127.206272,4.62756e-06,46.58,22.21,103.725159,49.450628,"[34.4170371061422, 43.36011407245725, 43.69728780680228, 45.18227168795582]",metrics_MP-FCD1-M20_F8HT.txt,Results\metrics_MP-FCD1-M20_F8HT.txt,34.4170371061422,43.36011407245725,43.69728780680228,45.18227168795582
MP-FCD1-M20,LZ_F1,-16.63,-10.31,5.05,16.22,9127.194339,2.49704e-06,39.67,20.61,88.323575,45.880949,"[20.958030392235223, 45.33897109480907, 45.10297329304654, 52.861286890799526]",metrics_MP-FCD1-M20_LZ_F1.txt,Results\metrics_MP-FCD1-M20_LZ_F1.txt,20.958030392235223,45.33897109480907,45.10297329304654,52.861286890799526
MP-FCD1-M20,LZ_F8,-20.8,-9.03,13.83,13.72,9127.193409,-2.46075e-05,39.64,21.15,88.263868,47.087901,"[24.79280537782003, 38.20975461380651, 38.12663848081887, 57.796131294657414]",metrics_MP-FCD1-M20_LZ_F8.txt,Results\metrics_MP-FCD1-M20_LZ_F8.txt,24.79280537782003,38.20975461380651,38.12663848081887,57.796131294657414
MP-FCD1-M20,PBM11,-21.28,-9.02,14.36,14.1,9127.19178,-2.71118e-05,40.31,23.06,89.748095,51.353019,"[27.538854295654303, 44.486428255938385, 44.30021365488268, 63.34163784454357]",metrics_MP-FCD1-M20_PBM11.txt,Results\metrics_MP-FCD1-M20_PBM11.txt,27.538854295654303,44.486428255938385,44.30021365488268,63.34163784454357
MP-FCD1-M20,PBM18Y,-17.1,-9.96,5.56,18.89,9127.206056,4.12999e-06,44.54,21.59,99.173554,48.0677,"[33.5546767500763, 42.438972341731194, 42.4253745612842, 45.03615819497351]",metrics_MP-FCD1-M20_PBM18Y.txt,Results\metrics_MP-FCD1-M20_PBM18Y.txt,33.5546767500763,42.438972341731194,42.4253745612842,45.03615819497351
MP-FCD1-M20,PBM2Y,-19.0,-8.87,12.24,14.77,9127.193214,-2.02984e-05,39.52,19.83,88.001905,44.14452,"[22.303288876892843, 34.89177684500211, 34.97179625250172, 51.678176711768444]",metrics_MP-FCD1-M20_PBM2Y.txt,Results\metrics_MP-FCD1-M20_PBM2Y.txt,22.303288876892843,34.89177684500211,34.97179625250172,51.678176711768444
MP-FCD1-M20,PBM3,-16.59,-10.3,5.02,16.4,9127.194363,3.16228e-06,39.88,20.44,88.793694,45.507567,"[22.07031456144042, 44.81346120093711, 44.752541713650956, 51.894529491689646]",metrics_MP-FCD1-M20_PBM3.txt,Results\metrics_MP-FCD1-M20_PBM3.txt,22.07031456144042,44.81346120093711,44.752541713650956,51.894529491689646
MP-FCD1-M20,PBM8Y,-17.13,-9.93,5.62,19.54,9127.206316,4.77956e-06,47.38,22.4,105.486987,49.868003,"[34.8567010959144, 43.39019864068147, 43.612041582962334, 44.82841753198197]",metrics_MP-FCD1-M20_PBM8Y.txt,Results\metrics_MP-FCD1-M20_PBM8Y.txt,34.8567010959144,43.39019864068147,43.612041582962334,44.82841753198197
MP-FCD1-M20,SF7,-8.31,-9.91,-1.78,12.14,9127.197709,7.55309e-06,38.09,22.73,84.804157,50.609769,"[6.788496564414714, 50.003883423564865, 49.65658460505284, 74.73520102910842]",metrics_MP-FCD1-M20_SF7.txt,Results\metrics_MP-FCD1-M20_SF7.txt,6.788496564414714,50.003883423564865,49.65658460505284,74.73520102910842
N-FK51,ADF355,-16.54,-9.6,7.19,18.26,9127.194902,8.18136e-06,50.69,22.82,112.869821,50.803757,"[36.03287259353971, 35.77894198703987, 35.89920430316152, 29.831369780256544]",metrics_N-FK51_ADF355.txt,Results\metrics_N-FK51_ADF355.txt,36.03287259353971,35.77894198703987,35.89920430316152,29.831369780256544
N-FK51,BAFD1,-19.78,-9.22,12.31,16.03,9127.19183,-9.94286e-06,40.24,20.51,89.605711,45.678313,"[21.727635943604028, 37.822259045285634, 37.085867596546024, 48.01348184995102]",metrics_N-FK51_BAFD1.txt,Results\metrics_N-FK51_BAFD1.txt,21.727635943604028,37.822259045285634,37.085867596546024,48.01348184995102
N-FK51,BAFD3,-17.39,-8.74,10.15,17.58,9127.205355,-1.20846e-05,47.71,25.35,106.233439,56.43393,"[22.360745891065577, 52.45265805726879, 52.688322779916376, 73.97277291627127]",metrics_N-FK51_BAFD3.txt,Results\metrics_N-FK51_BAFD3.txt,22.360745891065577,52.45265805726879,52.688322779916376,73.97277291627127
N-FK51,C04-38,-17.13,-8.74,9.94,15.07,9127.205286,-1.44335e-05,38.35,19.72,85.384985,43.912237,"[22.773487958453888, 36.085639628149764, 35.86230889170276, 48.90485256712165]",metrics_N-FK51_C04-38.txt,Results\metrics_N-FK51_C04-38.txt,22.773487958453888,36.085639628149764,35.86230889170276,48.90485256712165
N-FK51,C20-36,-19.83,-9.09,12.26,12.47,9127.204452,-1.76324e-05,37.2,20.25,82.825054,45.088889,"[19.94395654466352, 39.030449447271266, 38.948056973879176, 56.81261070921953]",metrics_N-FK51_C20-36.txt,Results\metrics_N-FK51_C20-36.txt,19.94395654466352,39.030449447271266,38.948056973879176,56.81261070921953
N-FK51,C26-36,-17.77,-9.08,10.18,11.57,9127.201842,-1.54629e-05,35.89,20.63,79.907915,45.929948,"[17.5767647947756, 43.23277686569885, 42.912760391617354, 59.12042838356319]",metrics_N-FK51_C26-36.txt,Results\metrics_N-FK51_C26-36.txt,17.5767647947756,43.23277686569885,42.912760391617354,59.12042838356319
N-FK51,C37-35,-19.14,-9.72,9.93,10.86,9127.194142,-1.05134e-05,40.0,23.53,89.075004,52.402537,"[16.55654058464841, 50.224626614414454, 50.04809482709131, 69.1626248081804]",metrics_N-FK51_C37-35.txt,Results\metrics_N-FK51_C37-35.txt,16.55654058464841,50.224626614414454,50.04809482709131,69.1626248081804
N-FK51,E-F1,-17.75,-9.08,10.17,11.63,9127.201841,-1.37353e-05,35.26,19.58,78.505691,43.606561,"[15.33954620806219, 40.855696968787385, 40.86786456069338, 54.60946861451927]",metrics_N-FK51_E-F1.txt,Results\metrics_N-FK51_E-F1.txt,15.33954620806219,40.855696968787385,40.86786456069338,54.60946861451927
N-FK51,E-F3,-18.25,-9.03,11.07,13.54,9127.190092,-1.52949e-05,37.69,18.61,83.930104,41.435881,"[21.205621582599335, 33.54030953783831, 33.32610278093706, 47.45457379955201]",metrics_N-FK51_E-F3.txt,Results\metrics_N-FK51_E-F3.txt,21.205621582599335,33.54030953783831,33.32610278093706,47.45457379955201
N-FK51,F11,-19.99,-9.23,12.58,11.96,9127.190965,-2.47763e-05,43.48,25.53,96.807289,56.849997,"[22.111042867678854, 53.64345445388565, 53.48168723514275, 75.24065973990719]",metrics_N-FK51_F11.txt,Results\metrics_N-FK51_F11.txt,22.111042867678854,53.64345445388565,53.48168723514275,75.24065973990719
N-FK51,F14HT,-16.58,-8.79,9.58,15.29,9127.188418,-1.42039e-05,38.48,20.36,85.685196,45.328842,"[22.27910617101706, 37.87544469907971, 37.6211125474972, 53.99303715551355]",metrics_N-FK51_F14HT.txt,Results\metrics_N-FK51_F14HT.txt,22.27910617101706,37.87544469907971,37.6211125474972,53.99303715551355
N-FK51,F2HT,-19.74,-9.09,12.18,12.57,9127.204385,-1.74237e-05,37.0,20.08,82.387733,44.715823,"[19.007796052209596, 38.437160052829526, 38.729785463273366, 56.212334291221836]",metrics_N-FK51_F2HT.txt,Results\metrics_N-FK51_F2HT.txt,19.007796052209596,38.437160052829526,38.729785463273366,56.212334291221836
N-FK51,F3,-19.21,-9.01,11.74,12.98,9127.204666,-1.91064e-05,36.67,19.47,81.657804,43.354804,"[18.396871168950863, 34.57422616561118, 34.57106076374325, 53.44435593802765]",metrics_N-FK51_F3.txt,Results\metrics_N-FK51_F3.txt,18.396871168950863,34.57422616561118,34.57106076374325,53.44435593802765
N-FK51,F8,-20.12,-8.77,13.09,16.27,9127.202647,-1.72276e-05,48.86,25.54,108.800759,56.870401,"[27.266525164631126, 47.93580826823017, 48.03998635674567, 73.1713676549652]",metrics_N-FK51_F8.txt,Results\metrics_N-FK51_F8.txt,27.266525164631126,47.93580826823017,48.03998635674567,73.1713676549652
N-FK51,F8HT,-20.12,-8.77,13.1,16.22,9127.202657,-1.93128e-05,46.52,24.15,103.579823,53.774507,"[28.857030695614856, 44.45500705076641, 44.015512430301214, 67.59170785627803]",metrics_N-FK51_F8HT.txt,Results\metrics_N-FK51_F8HT.txt,28.857030695614856,44.45500705076641,44.015512430301214,67.59170785627803
N-FK51,LZ_F1,-18.26,-9.03,11.08,13.38,9127.1901,-1.9115e-05,35.83,19.15,79.778429,42.647475,"[18.24180876813177, 34.252472088747695, 34.292000645270186, 52.59973383250606]",metrics_N-FK51_LZ_F1.txt,Results\metrics_N-FK51_LZ_F1.txt,18.24180876813177,34.252472088747695,34.292000645270186,52.59973383250606
N-FK51,LZ_F8,-19.96,-9.28,12.47,11.45,9127.19202,-1.96012e-05,38.99,22.62,86.811917,50.371793,"[27.06671718653684, 44.790149011302724, 44.985298820491984, 62.724400821377415]",metrics_N-FK51_LZ_F8.txt,Results\metrics_N-FK51_LZ_F8.txt,27.06671718653684,44.790149011302724,44.985298820491984,62.724400821377415
N-FK51_MOLD,ADF355,-16.75,-9.65,7.34,18.56,9127.194523,8.75179e-06,53.08,23.68,118.190183,52.727613,"[37.015247243405994, 35.0229293016576, 35.014275050161984, 32.80402429657734]",metrics_N-FK51_MOLD_ADF355.txt,Results\metrics_N-FK51_MOLD_ADF355.txt,37.015247243405994,35.0229293016576,35.014275050161984,32.80402429657734
N-FK51_MOLD,BAFD1,-19.04,-9.22,11.49,16.3,9127.192994,-1.09794e-05,40.38,20.67,89.917251,46.016568,"[21.999827647846274, 38.28480266269702, 39.09300739273019, 49.87493124570304]",metrics_N-FK51_MOLD_BAFD1.txt,Results\metrics_N-FK51_MOLD_BAFD1.txt,21.999827647846274,38.28480266269702,39.09300739273019,49.87493124570304
N-FK51_MOLD,BAFD3,-17.97,-8.81,10.64,17.81,9127.2052,-5.96632e-06,47.06,26.7,104.779371,59.447898,"[27.25684775106149, 57.30529844530666, 57.18813655908024, 79.9092439915588]",metrics_N-FK51_MOLD_BAFD3.txt,Results\metrics_N-FK51_MOLD_BAFD3.txt,27.25684775106149,57.30529844530666,57.18813655908024,79.9092439915588
N-FK51_MOLD,C04-38,-16.16,-8.83,9.01,15.33,9127.191284,-1.27838e-05,37.64,19.86,83.801631,44.227476,"[20.92552501138308, 36.98453027860094, 36.995659791916765, 50.954570423205496]",metrics_N-FK51_MOLD_C04-38.txt,Results\metrics_N-FK51_MOLD_C04-38.txt,20.92552501138308,36.98453027860094,36.995659791916765,50.954570423205496
N-FK51_MOLD,C20-36,-17.99,-9.14,10.57,12.8,9127.193114,-1.22094e-05,34.66,18.94,77.17075,42.177113,"[13.746456656601481, 37.41087044210114, 37.435841444791535, 55.601845350334884]",metrics_N-FK51_MOLD_C20-36.txt,Results\metrics_N-FK51_MOLD_C20-36.txt,13.746456656601481,37.41087044210114,37.435841444791535,55.601845350334884
N-FK51_MOLD,C26-36,-18.05,-9.62,8.88,11.63,9127.194683,-9.78772e-06,37.76,21.94,84.077626,48.85422,"[13.516862389546699, 47.18792589148591, 46.54218250274207, 62.89346819092363]",metrics_N-FK51_MOLD_C26-36.txt,Results\metrics_N-FK51_MOLD_C26-36.txt,13.516862389546699,47.18792589148591,46.54218250274207,62.89346819092363
N-FK51_MOLD,C37-35,-18.02,-9.75,8.64,11.15,9127.194297,-7.85945e-06,38.65,22.77,86.067983,50.709421,"[13.551407455230331, 49.38155910445283, 49.181306977435504, 67.12579278682264]",metrics_N-FK51_MOLD_C37-35.txt,Results\metrics_N-FK51_MOLD_C37-35.txt,13.551407455230331,49.38155910445283,49.181306977435504,67.12579278682264
N-FK51_MOLD,E-F1,-18.05,-9.62,8.88,11.7,9127.194684,-7.86279e-06,36.87,20.72,82.105633,46.135745,"[11.259324421792117, 43.699959918922794, 43.459837282937954, 58.01735663053643]",metrics_N-FK51_MOLD_E-F1.txt,Results\metrics_N-FK51_MOLD_E-F1.txt,11.259324421792117,43.699959918922794,43.459837282937954,58.01735663053643
N-FK51_MOLD,E-F3,-19.06,-9.01,11.58,13.73,9127.204538,-1.52898e-05,38.38,18.79,85.449848,41.838053,"[21.731075215500223, 33.29837160683968, 33.96813401527318, 46.52789543504761]",metrics_N-FK51_MOLD_E-F3.txt,Results\metrics_N-FK51_MOLD_E-F3.txt,21.731075215500223,33.29837160683968,33.96813401527318,46.52789543504761
N-FK51_MOLD,F11,-17.74,-9.14,10.3,12.32,9127.193547,-2.09726e-05,39.66,23.61,88.305462,52.580882,"[19.732787279776353, 51.13928185267075, 51.175634114337925, 72.09609686410272]",metrics_N-FK51_MOLD_F11.txt,Results\metrics_N-FK51_MOLD_F11.txt,19.732787279776353,51.13928185267075,51.175634114337925,72.09609686410272
N-FK51_MOLD,F14HT,-16.65,-8.83,9.58,15.51,9127.189683,-1.39315e-05,38.92,20.63,86.653512,45.929411,"[22.162365254666753, 38.36961255424653, 38.128157244195464, 54.85940034482216]",metrics_N-FK51_MOLD_F14HT.txt,Results\metrics_N-FK51_MOLD_F14HT.txt,22.162365254666753,38.36961255424653,38.128157244195464,54.85940034482216
N-FK51_MOLD,F2HT,-17.98,-9.14,10.57,12.89,9127.193106,-1.20524e-05,34.55,18.83,76.929829,41.937088,"[13.65157641203849, 36.775975188137124, 36.551678795001216, 54.59420776154498]",metrics_N-FK51_MOLD_F2HT.txt,Results\metrics_N-FK51_MOLD_F2HT.txt,13.65157641203849,36.775975188137124,36.551678795001216,54.59420776154498
N-FK51_MOLD,F3,-19.69,-9.09,12.1,13.18,9127.204348,-1.60052e-05,36.67,19.33,81.658417,43.042673,"[17.006115871307905, 35.104651382252655, 35.006653789893306, 54.32619049911133]",metrics_N-FK51_MOLD_F3.txt,Results\metrics_N-FK51_MOLD_F3.txt,17.006115871307905,35.104651382252655,35.006653789893306,54.32619049911133
N-FK51_MOLD,F8,-15.55,-8.5,8.44,16.72,9127.196192,-8.58016e-06,46.29,24.86,103.07606,55.354754,"[23.889770552435436, 53.476675731307395, 53.51986594819903, 72.47346026981988]",metrics_N-FK51_MOLD_F8.txt,Results\metrics_N-FK51_MOLD_F8.txt,23.889770552435436,53.476675731307395,53.51986594819903,72.47346026981988
N-FK51_MOLD,F8HT,-15.56,-8.5,8.45,16.68,9127.19619,-1.05511e-05,42.84,24.03,95.389598,53.516731,"[22.263611569680123, 52.0743546992061, 51.79778724955979, 70.45994379527788]",metrics_N-FK51_MOLD_F8HT.txt,Results\metrics_N-FK51_MOLD_F8HT.txt,22.263611569680123,52.0743546992061,51.79778724955979,70.45994379527788
N-FK51_MOLD,LZ_F1,-19.08,-9.01,11.59,13.58,9127.204526,-1.91677e-05,36.56,19.36,81.404109,43.110351,"[18.739147285366847, 34.57598103417901, 34.38022337210954, 53.19404202299566]",metrics_N-FK51_MOLD_LZ_F1.txt,Results\metrics_N-FK51_MOLD_LZ_F1.txt,18.739147285366847,34.57598103417901,34.38022337210954,53.19404202299566
N-FK51_MOLD,LZ_F8,-18.03,-9.61,8.87,11.65,9127.194728,-1.04723e-05,38.31,22.42,85.308581,49.923437,"[14.432346555529506, 48.28057646386621, 48.242576336662836, 65.41032107502785]",metrics_N-FK51_MOLD_LZ_F8.txt,Results\metrics_N-FK51_MOLD_LZ_F8.txt,14.432346555529506,48.28057646386621,48.242576336662836,65.41032107502785
N-FK51_MOLD,PBM11,-17.75,-9.14,10.31,12.23,9127.193548,-2.10775e-05,39.93,23.77,88.915363,52.935197,"[19.522786669153753, 51.524365358726016, 51.46766391132533, 72.7126092909478]",metrics_N-FK51_MOLD_PBM11.txt,Results\metrics_N-FK51_MOLD_PBM11.txt,19.522786669153753,51.524365358726016,51.46766391132533,72.7126092909478
N-FK51_MOLD,PBM18Y,-15.6,-8.51,8.49,16.21,9127.196205,-1.08744e-05,40.89,23.12,91.042776,51.47577,"[20.668337397302274, 47.65626765010033, 47.66403900841896, 69.7498307311244]",metrics_N-FK51_MOLD_PBM18Y.txt,Results\metrics_N-FK51_MOLD_PBM18Y.txt,20.668337397302274,47.65626765010033,47.66403900841896,69.7498307311244
N-FK51_MOLD,PBM2Y,-17.99,-9.14,10.58,12.75,9127.193111,-1.24428e-05,34.7,19.02,77.274109,42.356673,"[13.891795265478859, 37.76593165310365, 37.826613664956945, 55.897752391393944]",metrics_N-FK51_MOLD_PBM2Y.txt,Results\metrics_N-FK51_MOLD_PBM2Y.txt,13.891795265478859,37.76593165310365,37.826613664956945,55.897752391393944
N-FK51_MOLD,PBM3,-19.06,-9.01,11.58,13.73,9127.204543,-1.84355e-05,36.86,19.18,82.080866,42.712683,"[19.337919111237326, 34.607739046843136, 34.6602367334182, 52.704298747195345]",metrics_N-FK51_MOLD_PBM3.txt,Results\metrics_N-FK51_MOLD_PBM3.txt,19.337919111237326,34.607739046843136,34.6602367334182,52.704298747195345
N-FK51_MOLD,PBM8Y,-15.54,-8.5,8.43,16.77,9127.196199,-1.04471e-05,43.37,24.28,96.569199,54.059448,"[22.692765860081344, 53.16217230702624, 52.68141507278327, 70.9787523782353]",metrics_N-FK51_MOLD_PBM8Y.txt,Results\metrics_N-FK51_MOLD_PBM8Y.txt,22.692765860081344,53.16217230702624,52.68141507278327,70.9787523782353
N-FK51_MOLD,SF7,-18.01,-9.8,8.54,9.91,9127.194184,-6.67004e-06,40.34,24.15,89.810944,53.78379,"[11.862313247248704, 51.82807176734019, 52.31370996516158, 71.33521116180967]",metrics_N-FK51_MOLD_SF7.txt,Results\metrics_N-FK51_MOLD_SF7.txt,11.862313247248704,51.82807176734019,52.31370996516158,71.33521116180967
N-FK51,PBM11,-19.99,-9.23,12.58,11.87,9127.190967,-2.46953e-05,43.75,25.68,97.413615,57.181488,"[21.75491857929773, 53.84859701727865, 53.90826379061186, 75.67558767939414]",metrics_N-FK51_PBM11.txt,Results\metrics_N-FK51_PBM11.txt,21.75491857929773,53.84859701727865,53.90826379061186,75.67558767939414
N-FK51,PBM18Y,-20.18,-8.78,13.15,15.74,9127.202628,-1.96768e-05,45.37,23.11,101.014814,51.460294,"[28.412087446555077, 40.935438737908605, 41.11252667340022, 62.71025885242473]",metrics_N-FK51_PBM18Y.txt,Results\metrics_N-FK51_PBM18Y.txt,28.412087446555077,40.935438737908605,41.11252667340022,62.71025885242473
N-FK51,PBM2Y,-19.83,-9.09,12.26,12.43,9127.204457,-1.76802e-05,37.21,20.32,82.848114,45.243984,"[19.97419612221396, 39.23376592870716, 39.060499634922905, 56.83208564175884]",metrics_N-FK51_PBM2Y.txt,Results\metrics_N-FK51_PBM2Y.txt,19.97419612221396,39.23376592870716,39.060499634922905,56.83208564175884
N-FK51,PBM3,-18.25,-9.03,11.07,13.53,9127.190102,-1.83992e-05,36.18,18.98,80.563304,42.271142,"[18.837574438313613, 34.23142717327623, 34.42338675089697, 51.22292147602997]",metrics_N-FK51_PBM3.txt,Results\metrics_N-FK51_PBM3.txt,18.837574438313613,34.23142717327623,34.42338675089697,51.22292147602997
N-FK51,PBM8Y,-20.11,-8.77,13.08,16.32,9127.202657,-1.92103e-05,46.85,24.45,104.325012,54.437122,"[28.775495403388593, 45.06341650328932, 44.399441378268634, 69.14554309421263]",metrics_N-FK51_PBM8Y.txt,Results\metrics_N-FK51_PBM8Y.txt,28.775495403388593,45.06341650328932,44.399441378268634,69.14554309421263
N-FK51,SF7,-18.09,-9.74,8.74,9.65,9127.194473,-7.46536e-06,40.8,24.48,90.847949,54.510994,"[11.385400798343506, 52.119130436072595, 52.86543522158325, 72.03224796708861]",metrics_N-FK51_SF7.txt,Results\metrics_N-FK51_SF7.txt,11.385400798343506,52.119130436072595,52.86543522158325,72.03224796708861
N-FK51A,ADF355,-16.54,-9.6,7.19,18.26,9127.194902,8.18136e-06,50.69,22.82,112.869821,50.803757,"[36.03287259353971, 35.77894198703987, 35.89920430316152, 29.831369780256544]",metrics_N-FK51A_ADF355.txt,Results\metrics_N-FK51A_ADF355.txt,36.03287259353971,35.77894198703987,35.89920430316152,29.831369780256544
N-FK51A,BAFD1,-19.78,-9.22,12.31,16.03,9127.19183,-9.94286e-06,40.24,20.51,89.605711,45.678313,"[21.727635943604028, 37.822259045285634, 37.085867596546024, 48.01348184995102]",metrics_N-FK51A_BAFD1.txt,Results\metrics_N-FK51A_BAFD1.txt,21.727635943604028,37.822259045285634,37.085867596546024,48.01348184995102
N-FK51A,BAFD3,-17.39,-8.74,10.15,17.58,9127.205355,-1.20846e-05,47.71,25.35,106.233439,56.43393,"[22.360745891065577, 52.45265805726879, 52.688322779916376, 73.97277291627127]",metrics_N-FK51A_BAFD3.txt,Results\metrics_N-FK51A_BAFD3.txt,22.360745891065577,52.45265805726879,52.688322779916376,73.97277291627127
N-FK51A,C04-38,-17.13,-8.74,9.94,15.07,9127.205286,-1.44335e-05,38.35,19.72,85.384985,43.912237,"[22.773487958453888, 36.085639628149764, 35.86230889170276, 48.90485256712165]",metrics_N-FK51A_C04-38.txt,Results\metrics_N-FK51A_C04-38.txt,22.773487958453888,36.085639628149764,35.86230889170276,48.90485256712165
N-FK51A,C20-36,-19.83,-9.09,12.26,12.47,9127.204452,-1.76324e-05,37.2,20.25,82.825054,45.088889,"[19.94395654466352, 39.030449447271266, 38.948056973879176, 56.81261070921953]",metrics_N-FK51A_C20-36.txt,Results\metrics_N-FK51A_C20-36.txt,19.94395654466352,39.030449447271266,38.948056973879176,56.81261070921953
N-FK51A,C26-36,-17.77,-9.08,10.18,11.57,9127.201842,-1.54629e-05,35.89,20.63,79.907915,45.929948,"[17.5767647947756, 43.23277686569885, 42.912760391617354, 59.12042838356319]",metrics_N-FK51A_C26-36.txt,Results\metrics_N-FK51A_C26-36.txt,17.5767647947756,43.23277686569885,42.912760391617354,59.12042838356319
N-FK51A,C37-35,-19.14,-9.72,9.93,10.86,9127.194142,-1.05134e-05,40.0,23.53,89.075004,52.402537,"[16.55654058464841, 50.224626614414454, 50.04809482709131, 69.1626248081804]",metrics_N-FK51A_C37-35.txt,Results\metrics_N-FK51A_C37-35.txt,16.55654058464841,50.224626614414454,50.04809482709131,69.1626248081804
N-FK51A,E-F1,-17.75,-9.08,10.17,11.63,9127.201841,-1.37353e-05,35.26,19.58,78.505691,43.606561,"[15.33954620806219, 40.855696968787385, 40.86786456069338, 54.60946861451927]",metrics_N-FK51A_E-F1.txt,Results\metrics_N-FK51A_E-F1.txt,15.33954620806219,40.855696968787385,40.86786456069338,54.60946861451927
N-FK51A,E-F3,-18.25,-9.03,11.07,13.54,9127.190092,-1.52949e-05,37.69,18.61,83.930104,41.435881,"[21.205621582599335, 33.54030953783831, 33.32610278093706, 47.45457379955201]",metrics_N-FK51A_E-F3.txt,Results\metrics_N-FK51A_E-F3.txt,21.205621582599335,33.54030953783831,33.32610278093706,47.45457379955201
N-FK51A,F11,-19.99,-9.23,12.58,11.96,9127.190965,-2.47763e-05,43.48,25.53,96.807289,56.849997,"[22.111042867678854, 53.64345445388565, 53.48168723514275, 75.24065973990719]",metrics_N-FK51A_F11.txt,Results\metrics_N-FK51A_F11.txt,22.111042867678854,53.64345445388565,53.48168723514275,75.24065973990719
N-FK51A,F14HT,-16.58,-8.79,9.58,15.29,9127.188418,-1.42039e-05,38.48,20.36,85.685196,45.328842,"[22.27910617101706, 37.87544469907971, 37.6211125474972, 53.99303715551355]",metrics_N-FK51A_F14HT.txt,Results\metrics_N-FK51A_F14HT.txt,22.27910617101706,37.87544469907971,37.6211125474972,53.99303715551355
N-FK51A,F2HT,-19.74,-9.09,12.18,12.57,9127.204385,-1.74237e-05,37.0,20.08,82.387733,44.715823,"[19.007796052209596, 38.437160052829526, 38.729785463273366, 56.212334291221836]",metrics_N-FK51A_F2HT.txt,Results\metrics_N-FK51A_F2HT.txt,19.007796052209596,38.437160052829526,38.729785463273366,56.212334291221836
N-FK51A,F3,-19.21,-9.01,11.74,12.98,9127.204666,-1.91064e-05,36.67,19.47,81.657804,43.354804,"[18.396871168950863, 34.57422616561118, 34.57106076374325, 53.44435593802765]",metrics_N-FK51A_F3.txt,Results\metrics_N-FK51A_F3.txt,18.396871168950863,34.57422616561118,34.57106076374325,53.44435593802765
N-FK51A,F8,-20.12,-8.77,13.09,16.27,9127.202647,-1.72276e-05,48.86,25.54,108.800759,56.870401,"[27.266525164631126, 47.93580826823017, 48.03998635674567, 73.1713676549652]",metrics_N-FK51A_F8.txt,Results\metrics_N-FK51A_F8.txt,27.266525164631126,47.93580826823017,48.03998635674567,73.1713676549652
N-FK51A,F8HT,-20.12,-8.77,13.1,16.22,9127.202657,-1.93128e-05,46.52,24.15,103.579823,53.774507,"[28.857030695614856, 44.45500705076641, 44.015512430301214, 67.59170785627803]",metrics_N-FK51A_F8HT.txt,Results\metrics_N-FK51A_F8HT.txt,28.857030695614856,44.45500705076641,44.015512430301214,67.59170785627803
N-FK51A,LZ_F1,-18.26,-9.03,11.08,13.38,9127.1901,-1.9115e-05,35.83,19.15,79.778429,42.647475,"[18.24180876813177, 34.252472088747695, 34.292000645270186, 52.59973383250606]",metrics_N-FK51A_LZ_F1.txt,Results\metrics_N-FK51A_LZ_F1.txt,18.24180876813177,34.252472088747695,34.292000645270186,52.59973383250606
N-FK51A,LZ_F8,-19.96,-9.28,12.47,11.45,9127.19202,-1.96012e-05,38.99,22.62,86.811917,50.371793,"[27.06671718653684, 44.790149011302724, 44.985298820491984, 62.724400821377415]",metrics_N-FK51A_LZ_F8.txt,Results\metrics_N-FK51A_LZ_F8.txt,27.06671718653684,44.790149011302724,44.985298820491984,62.724400821377415
N-FK51A,PBM11,-19.99,-9.23,12.58,11.87,9127.190967,-2.46953e-05,43.75,25.68,97.413615,57.181488,"[21.75491857929773, 53.84859701727865, 53.90826379061186, 75.67558767939414]",metrics_N-FK51A_PBM11.txt,Results\metrics_N-FK51A_PBM11.txt,21.75491857929773,53.84859701727865,53.90826379061186,75.67558767939414
N-FK51A,PBM18Y,-20.18,-8.78,13.15,15.74,9127.202628,-1.96768e-05,45.37,23.11,101.014814,51.460294,"[28.412087446555077, 40.935438737908605, 41.11252667340022, 62.71025885242473]",metrics_N-FK51A_PBM18Y.txt,Results\metrics_N-FK51A_PBM18Y.txt,28.412087446555077,40.935438737908605,41.11252667340022,62.71025885242473
N-FK51A,PBM2Y,-19.83,-9.09,12.26,12.43,9127.204457,-1.76802e-05,37.21,20.32,82.848114,45.243984,"[19.97419612221396, 39.23376592870716, 39.060499634922905, 56.83208564175884]",metrics_N-FK51A_PBM2Y.txt,Results\metrics_N-FK51A_PBM2Y.txt,19.97419612221396,39.23376592870716,39.060499634922905,56.83208564175884
N-FK51A,PBM3,-18.25,-9.03,11.07,13.53,9127.190102,-1.83992e-05,36.18,18.98,80.563304,42.271142,"[18.837574438313613, 34.23142717327623, 34.42338675089697, 51.22292147602997]",metrics_N-FK51A_PBM3.txt,Results\metrics_N-FK51A_PBM3.txt,18.837574438313613,34.23142717327623,34.42338675089697,51.22292147602997
N-FK51A,PBM8Y,-20.11,-8.77,13.08,16.32,9127.202657,-1.92103e-05,46.85,24.45,104.325012,54.437122,"[28.775495403388593, 45.06341650328932, 44.399441378268634, 69.14554309421263]",metrics_N-FK51A_PBM8Y.txt,Results\metrics_N-FK51A_PBM8Y.txt,28.775495403388593,45.06341650328932,44.399441378268634,69.14554309421263
N-FK51A,SF7,-18.09,-9.74,8.74,9.65,9127.194473,-7.46536e-06,40.8,24.48,90.847949,54.510994,"[11.385400798343506, 52.119130436072595, 52.86543522158325, 72.03224796708861]",metrics_N-FK51A_SF7.txt,Results\metrics_N-FK51A_SF7.txt,11.385400798343506,52.119130436072595,52.86543522158325,72.03224796708861
N-PK52,ADF355,-19.84,-9.09,12.57,19.99,9127.189906,-3.37562e-06,62.96,30.27,140.178798,67.407471,"[35.333439471396616, 43.36041937869405, 43.190078348926036, 78.17832094105611]",metrics_N-PK52_ADF355.txt,Results\metrics_N-PK52_ADF355.txt,35.333439471396616,43.36041937869405,43.190078348926036,78.17832094105611
N-PK52,BAFD1,-20.66,-8.97,13.7,18.08,9127.193044,-1.79982e-05,50.07,26.16,111.485245,58.259256,"[28.48569970942898, 48.07363835259695, 47.88230563759568, 75.78880521977888]",metrics_N-PK52_BAFD1.txt,Results\metrics_N-PK52_BAFD1.txt,28.48569970942898,48.07363835259695,47.88230563759568,75.78880521977888
N-PK52,BAFD3,-15.56,-9.26,5.83,20.07,9127.201334,4.94483e-06,48.12,25.78,107.135799,57.412727,"[37.99846441510057, 50.96198550217312, 50.89997785060168, 70.20786862695542]",metrics_N-PK52_BAFD3.txt,Results\metrics_N-PK52_BAFD3.txt,37.99846441510057,50.96198550217312,50.89997785060168,70.20786862695542
N-PK52,C04-38,-13.78,-9.37,3.78,17.33,9127.185024,3.14561e-06,34.83,20.84,77.558641,46.412617,"[27.33504845995812, 45.50407780071226, 45.70891082244199, 56.81490039563442]",metrics_N-PK52_C04-38.txt,Results\metrics_N-PK52_C04-38.txt,27.33504845995812,45.50407780071226,45.70891082244199,56.81490039563442
N-PK52,C20-36,-21.39,-9.0,14.5,14.58,9127.191113,-2.35278e-05,42.24,20.91,94.060578,46.566804,"[23.957118987177086, 35.36628003913633, 35.458635882935624, 53.85236721191684]",metrics_N-PK52_C20-36.txt,Results\metrics_N-PK52_C20-36.txt,23.957118987177086,35.36628003913633,35.458635882935624,53.85236721191684
N-PK52,C26-36,-20.61,-9.03,13.64,13.62,9127.193669,-2.32486e-05,39.42,20.7,87.76743,46.094491,"[22.353634411119604, 36.50176333679133, 36.21539375225336, 57.00052497328315]",metrics_N-PK52_C26-36.txt,Results\metrics_N-PK52_C26-36.txt,22.353634411119604,36.50176333679133,36.21539375225336,57.00052497328315
N-PK52,C37-35,-19.02,-8.97,11.71,13.23,9127.205554,-1.92463e-05,36.65,19.76,81.599406,43.995551,"[18.414760356838084, 36.184388100954806, 36.21290820077673, 54.83567421135092]",metrics_N-PK52_C37-35.txt,Results\metrics_N-PK52_C37-35.txt,18.414760356838084,36.184388100954806,36.21290820077673,54.83567421135092
N-PK52,E-F1,-20.86,-8.95,13.7,13.67,9127.20256,-2.09677e-05,39.89,20.2,88.821824,44.980804,"[21.61425333522742, 34.14400013811098, 35.29309152907365, 54.345848850455795]",metrics_N-PK52_E-F1.txt,Results\metrics_N-PK52_E-F1.txt,21.61425333522742,34.14400013811098,35.29309152907365,54.345848850455795
N-PK52,E-F3,-16.67,-10.23,4.98,16.29,9127.20066,7.02741e-06,41.43,20.38,92.250981,45.377642,"[26.401738187268663, 41.84409217367076, 41.3153604674156, 46.13247743418157]",metrics_N-PK52_E-F3.txt,Results\metrics_N-PK52_E-F3.txt,26.401738187268663,41.84409217367076,41.3153604674156,46.13247743418157
N-PK52,F11,-21.26,-9.01,14.35,14.1,9127.191648,-2.70011e-05,40.2,22.84,89.503503,50.862092,"[26.571050665722822, 44.058063751647964, 44.14178834836186, 64.03357685772946]",metrics_N-PK52_F11.txt,Results\metrics_N-PK52_F11.txt,26.571050665722822,44.058063751647964,44.14178834836186,64.03357685772946
N-PK52,F14HT,-13.71,-9.85,3.0,17.79,9127.187656,4.69018e-06,35.61,21.79,79.298589,48.518212,"[27.13429449070528, 48.37323400732756, 48.4079834231508, 61.173691213350594]",metrics_N-PK52_F14HT.txt,Results\metrics_N-PK52_F14HT.txt,27.13429449070528,48.37323400732756,48.4079834231508,61.173691213350594
N-PK52,F2HT,-21.38,-9.0,14.49,14.66,9127.191108,-2.34132e-05,42.42,20.93,94.450207,46.59533,"[24.196984843551114, 35.629322722414486, 36.05663154253205, 54.0641948766108]",metrics_N-PK52_F2HT.txt,Results\metrics_N-PK52_F2HT.txt,24.196984843551114,35.629322722414486,36.05663154253205,54.0641948766108
N-PK52,F3,-19.9,-8.77,12.99,15.13,9127.203777,-1.99617e-05,42.18,20.69,93.926113,46.076246,"[25.14569207446374, 36.21875600886982, 34.930290273516825, 47.22608332098494]",metrics_N-PK52_F3.txt,Results\metrics_N-PK52_F3.txt,25.14569207446374,36.21875600886982,34.930290273516825,47.22608332098494
N-PK52,F8,-16.83,-10.07,5.6,19.37,9127.185441,7.05516e-06,51.73,23.45,115.184921,52.213909,"[36.6350164851812, 42.007546013107266, 41.853166431013875, 42.46555039217634]",metrics_N-PK52_F8.txt,Results\metrics_N-PK52_F8.txt,36.6350164851812,42.007546013107266,41.853166431013875,42.46555039217634
N-PK52,F8HT,-16.82,-10.08,5.59,19.33,9127.185424,4.16739e-06,46.93,22.55,104.485105,50.201241,"[34.76364741327531, 44.57913968807898, 44.70299737617447, 47.27019215301902]",metrics_N-PK52_F8HT.txt,Results\metrics_N-PK52_F8HT.txt,34.76364741327531,44.57913968807898,44.70299737617447,47.27019215301902
N-PK52,LZ_F1,-16.71,-10.24,5.01,16.11,9127.200643,3.0657e-06,39.86,20.54,88.75768,45.732576,"[21.715973801130886, 45.05851101761445, 45.158499333099556, 52.81858741844922]",metrics_N-PK52_LZ_F1.txt,Results\metrics_N-PK52_LZ_F1.txt,21.715973801130886,45.05851101761445,45.158499333099556,52.81858741844922
N-PK52,LZ_F8,-20.89,-9.04,13.92,13.63,9127.193271,-2.45162e-05,39.81,21.13,88.632074,47.040662,"[24.576077353704235, 38.17121433630922, 38.15332880098522, 57.76509779366401]",metrics_N-PK52_LZ_F8.txt,Results\metrics_N-PK52_LZ_F8.txt,24.576077353704235,38.17121433630922,38.15332880098522,57.76509779366401
N-PK52,PBM11,-21.28,-9.01,14.36,14.01,9127.191656,-2.70171e-05,40.28,22.93,89.69216,51.059247,"[27.082860082809987, 44.17303769600824, 44.25439584384534, 63.06098839083858]",metrics_N-PK52_PBM11.txt,Results\metrics_N-PK52_PBM11.txt,27.082860082809987,44.17303769600824,44.25439584384534,63.06098839083858
N-PK52,PBM18Y,-17.07,-10.1,5.78,18.79,9127.185033,3.54521e-06,45.22,21.9,100.679978,48.765628,"[34.0573310516522, 43.14467603805237, 43.08890238153933, 46.26788009275967]",metrics_N-PK52_PBM18Y.txt,Results\metrics_N-PK52_PBM18Y.txt,34.0573310516522,43.14467603805237,43.08890238153933,46.26788009275967
N-PK52,PBM2Y,-21.39,-9.0,14.5,14.53,9127.191112,-2.3728e-05,42.15,20.94,93.860476,46.616129,"[23.814418087938066, 35.63796477603884, 35.28712249913651, 54.03884174003811]",metrics_N-PK52_PBM2Y.txt,Results\metrics_N-PK52_PBM2Y.txt,23.814418087938066,35.63796477603884,35.28712249913651,54.03884174003811
N-PK52,PBM3,-16.67,-10.23,4.98,16.29,9127.200655,3.73391e-06,40.07,20.4,89.225848,45.418169,"[22.90745448122585, 45.32932777819713, 45.41170351902787, 51.96849164312421]",metrics_N-PK52_PBM3.txt,Results\metrics_N-PK52_PBM3.txt,22.90745448122585,45.32932777819713,45.41170351902787,51.96849164312421
N-PK52,PBM8Y,-16.84,-10.07,5.61,19.43,9127.18543,4.31753e-06,47.72,22.73,106.247592,50.616547,"[35.174762434100785, 44.93765546410007, 45.15746197467334, 47.238694683929886]",metrics_N-PK52_PBM8Y.txt,Results\metrics_N-PK52_PBM8Y.txt,35.174762434100785,44.93765546410007,45.15746197467334,47.238694683929886
N-PK52,SF7,-8.33,-9.91,-1.79,12.04,9127.197918,7.85433e-06,38.03,22.63,84.679731,50.39294,"[7.400824252151494, 49.542434179401326, 49.37062342668051, 74.57937879901039]",metrics_N-PK52_SF7.txt,Results\metrics_N-PK52_SF7.txt,7.400824252151494,49.542434179401326,49.37062342668051,74.57937879901039
N-PK52A,ADF355,-19.85,-9.09,12.57,20.01,9127.189927,-3.53761e-06,62.56,30.12,139.308496,67.06929,"[34.99622787727532, 43.4592797881623, 43.47816068883836, 78.20120065436711]",metrics_N-PK52A_ADF355.txt,Results\metrics_N-PK52A_ADF355.txt,34.99622787727532,43.4592797881623,43.47816068883836,78.20120065436711
N-PK52A,BAFD1,-20.61,-8.97,13.64,18.1,9127.193082,-1.80428e-05,49.72,26.1,110.717964,58.110425,"[28.471857988972864, 48.55082315907616, 48.24459714944595, 75.0788316754701]",metrics_N-PK52A_BAFD1.txt,Results\metrics_N-PK52A_BAFD1.txt,28.471857988972864,48.55082315907616,48.24459714944595,75.0788316754701
N-PK52A,BAFD3,-15.55,-9.26,5.82,20.09,9127.201338,4.75335e-06,47.65,25.68,106.091052,57.176485,"[37.7599572051257, 50.87946371613231, 50.77650867676398, 70.33262280395954]",metrics_N-PK52A_BAFD3.txt,Results\metrics_N-PK52A_BAFD3.txt,37.7599572051257,50.87946371613231,50.77650867676398,70.33262280395954
N-PK52A,C04-38,-13.77,-9.37,3.78,17.35,9127.185225,2.97543e-06,34.65,20.71,77.145994,46.116462,"[27.018214669534537, 45.125604491502656, 45.48346344429004, 55.97060613881648]",metrics_N-PK52A_C04-38.txt,Results\metrics_N-PK52A_C04-38.txt,27.018214669534537,45.125604491502656,45.48346344429004,55.97060613881648
N-PK52A,C20-36,-21.39,-9.0,14.5,14.59,9127.191111,-2.37008e-05,42.09,20.91,93.714333,46.559272,"[23.742740657667646, 35.622067709573216, 35.10917677994276, 53.99183532676028]",metrics_N-PK52A_C20-36.txt,Results\metrics_N-PK52A_C20-36.txt,23.742740657667646,35.622067709573216,35.10917677994276,53.99183532676028
N-PK52A,C26-36,-20.62,-9.03,13.65,13.64,9127.193678,-2.34462e-05,39.4,20.76,87.720213,46.217393,"[22.790560341218644, 36.69021067651775, 36.36151839711346, 57.292702460882005]",metrics_N-PK52A_C26-36.txt,Results\metrics_N-PK52A_C26-36.txt,22.790560341218644,36.69021067651775,36.36151839711346,57.292702460882005
N-PK52A,C37-35,-19.03,-8.97,11.71,13.25,9127.205543,-1.94461e-05,36.64,19.83,81.584779,44.149225,"[18.537711869400326, 36.629251067744065, 36.75678050498463, 55.243710547879324]",metrics_N-PK52A_C37-35.txt,Results\metrics_N-PK52A_C37-35.txt,18.537711869400326,36.629251067744065,36.75678050498463,55.243710547879324
N-PK52A,E-F1,-20.86,-8.95,13.7,13.69,9127.202566,-2.11587e-05,39.75,20.23,88.518653,45.054487,"[21.40609954825253, 34.102170720653135, 35.31183514127714, 54.94217636625211]",metrics_N-PK52A_E-F1.txt,Results\metrics_N-PK52A_E-F1.txt,21.40609954825253,34.102170720653135,35.31183514127714,54.94217636625211
N-PK52A,E-F3,-16.66,-10.23,4.97,16.31,9127.200657,6.83535e-06,41.27,20.3,91.899794,45.195623,"[25.97459476201115, 41.80696532626156, 41.55052756232678, 46.55006705220143]",metrics_N-PK52A_E-F3.txt,Results\metrics_N-PK52A_E-F3.txt,25.97459476201115,41.80696532626156,41.55052756232678,46.55006705220143
N-PK52A,F11,-21.28,-9.01,14.36,14.12,9127.191662,-2.71746e-05,40.24,22.95,89.590824,51.093043,"[26.995041180430675, 44.28731910458502, 44.43565157428193, 63.17936049962328]",metrics_N-PK52A_F11.txt,Results\metrics_N-PK52A_F11.txt,26.995041180430675,44.28731910458502,44.43565157428193,63.17936049962328
N-PK52A,F14HT,-13.71,-9.85,3.0,17.81,9127.187659,4.49962e-06,35.47,21.65,78.974285,48.214407,"[26.8140903909491, 48.32113785186715, 48.30355064222101, 60.46267974687791]",metrics_N-PK52A_F14HT.txt,Results\metrics_N-PK52A_F14HT.txt,26.8140903909491,48.32113785186715,48.30355064222101,60.46267974687791
N-PK52A,F2HT,-21.39,-9.0,14.5,14.68,9127.191113,-2.35962e-05,42.27,20.92,94.108671,46.58533,"[23.985866819180025, 35.685608285212766, 35.85678838607582, 54.13255432024604]",metrics_N-PK52A_F2HT.txt,Results\metrics_N-PK52A_F2HT.txt,23.985866819180025,35.685608285212766,35.85678838607582,54.13255432024604
N-PK52A,F3,-19.8,-8.77,12.89,15.15,9127.203698,-1.99598e-05,41.92,20.59,93.337392,45.836244,"[24.87611129621047, 35.98972776943185, 34.57477179532472, 47.45079913036074]",metrics_N-PK52A_F3.txt,Results\metrics_N-PK52A_F3.txt,24.87611129621047,35.98972776943185,34.57477179532472,47.45079913036074
N-PK52A,F8,-16.82,-10.07,5.59,19.4,9127.18543,6.84566e-06,51.2,23.31,113.995431,51.891936,"[36.37546841742045, 42.3038414390253, 42.14826485262029, 43.019018928412116]",metrics_N-PK52A_F8.txt,Results\metrics_N-PK52A_F8.txt,36.37546841742045,42.3038414390253,42.14826485262029,43.019018928412116
N-PK52A,F8HT,-16.82,-10.08,5.59,19.35,9127.185425,3.96446e-06,46.39,22.44,103.295117,49.97104,"[34.50802781648665, 44.8950054132827, 45.04184090615091, 47.815846793043846]",metrics_N-PK52A_F8HT.txt,Results\metrics_N-PK52A_F8HT.txt,34.50802781648665,44.8950054132827,45.04184090615091,47.815846793043846
N-PK52A,LZ_F1,-16.7,-10.24,5.0,16.14,9127.200655,2.88164e-06,39.7,20.56,88.401993,45.769711,"[21.296908478557114, 45.19082474206666, 44.92364178870775, 52.790813137584706]",metrics_N-PK52A_LZ_F1.txt,Results\metrics_N-PK52A_LZ_F1.txt,21.296908478557114,45.19082474206666,44.92364178870775,52.790813137584706
N-PK52A,LZ_F8,-20.9,-9.04,13.93,13.64,9127.19326,-2.47231e-05,39.79,21.19,88.604371,47.188687,"[25.031942281109988, 38.3374709116582, 38.25386921232265, 57.83603586607154]",metrics_N-PK52A_LZ_F8.txt,Results\metrics_N-PK52A_LZ_F8.txt,25.031942281109988,38.3374709116582,38.25386921232265,57.83603586607154
N-PK52A,PBM11,-21.23,-9.01,14.32,14.03,9127.191726,-2.71387e-05,40.24,23.0,89.610257,51.206367,"[27.30389525180054, 44.233648493642775, 44.37647328423351, 62.949209940747366]",metrics_N-PK52A_PBM11.txt,Results\metrics_N-PK52A_PBM11.txt,27.30389525180054,44.233648493642775,44.37647328423351,62.949209940747366
N-PK52A,PBM18Y,-17.06,-10.1,5.77,18.81,9127.185031,3.34112e-06,44.85,21.81,99.874777,48.563508,"[33.61883631339262, 43.165661129298115, 43.17516747510311, 46.510318473937915]",metrics_N-PK52A_PBM18Y.txt,Results\metrics_N-PK52A_PBM18Y.txt,33.61883631339262,43.165661129298115,43.17516747510311,46.510318473937915
N-PK52A,PBM2Y,-21.39,-9.0,14.5,14.55,9127.191125,-2.39034e-05,42.0,20.94,93.518516,46.615294,"[23.600889881337842, 35.75316222738443, 34.74226181292045, 53.99756263258657]",metrics_N-PK52A_PBM2Y.txt,Results\metrics_N-PK52A_PBM2Y.txt,23.600889881337842,35.75316222738443,34.74226181292045,53.99756263258657
N-PK52A,PBM3,-16.66,-10.23,4.97,16.31,9127.200653,3.54952e-06,39.91,20.4,88.870943,45.415353,"[22.48856787717074, 45.07177967571096, 45.0664395071682, 52.14617505250395]",metrics_N-PK52A_PBM3.txt,Results\metrics_N-PK52A_PBM3.txt,22.48856787717074,45.07177967571096,45.0664395071682,52.14617505250395
N-PK52A,PBM8Y,-16.83,-10.07,5.61,19.45,9127.185423,4.11146e-06,47.18,22.62,105.057212,50.374444,"[34.91731440775414, 44.653696956329156, 44.972836167986884, 47.44447057112693]",metrics_N-PK52A_PBM8Y.txt,Results\metrics_N-PK52A_PBM8Y.txt,34.91731440775414,44.653696956329156,44.972836167986884,47.44447057112693
N-PK52A,SF7,-8.44,-9.88,-1.73,12.06,9127.198055,7.76454e-06,38.01,22.67,84.633619,50.476938,"[6.988813624843715, 49.85440132159908, 49.40096468761004, 74.44447349624801]",metrics_N-PK52A_SF7.txt,Results\metrics_N-PK52A_SF7.txt,6.988813624843715,49.85440132159908,49.40096468761004,74.44447349624801
P-FK01S,ADF355,-8.3,-9.2,-1.04,20.45,9127.201116,2.10953e-05,53.72,28.36,119.606411,63.145006,"[40.09478185829764, 42.891299393831275, 43.24085138484243, 46.32478277122817]",metrics_P-FK01S_ADF355.txt,Results\metrics_P-FK01S_ADF355.txt,40.09478185829764,42.891299393831275,43.24085138484243,46.32478277122817
P-FK01S,BAFD1,-20.15,-8.95,13.19,18.17,9127.193733,-8.7512e-06,49.85,27.46,110.991423,61.140327,"[24.40480695635393, 54.23893517712163, 54.40234838834367, 81.84156577630753]",metrics_P-FK01S_BAFD1.txt,Results\metrics_P-FK01S_BAFD1.txt,24.40480695635393,54.23893517712163,54.40234838834367,81.84156577630753
P-FK01S,BAFD3,-13.76,-9.73,3.15,20.52,9127.195705,1.12987e-05,51.44,25.43,114.528701,56.612239,"[38.01112862499885, 50.21398691240714, 49.38187422177018, 58.362795343612234]",metrics_P-FK01S_BAFD3.txt,Results\metrics_P-FK01S_BAFD3.txt,38.01112862499885,50.21398691240714,49.38187422177018,58.362795343612234
P-FK01S,C04-38,-14.61,-9.37,4.75,17.38,9127.171684,3.3298e-06,36.85,21.51,82.040072,47.898392,"[30.273377252059586, 45.02747183851266, 44.955025839306515, 59.67846783657616]",metrics_P-FK01S_C04-38.txt,Results\metrics_P-FK01S_C04-38.txt,30.273377252059586,45.02747183851266,44.955025839306515,59.67846783657616
P-FK01S,C20-36,-21.22,-9.0,14.3,14.65,9127.191722,-2.16185e-05,42.87,20.78,95.44806,46.267775,"[25.0123913655378, 34.794487479183275, 35.24204422146052, 51.133884618419614]",metrics_P-FK01S_C20-36.txt,Results\metrics_P-FK01S_C20-36.txt,25.0123913655378,34.794487479183275,35.24204422146052,51.133884618419614
P-FK01S,C26-36,-17.31,-8.78,10.16,13.91,9127.205785,-1.52733e-05,35.66,18.45,79.401885,41.072526,"[18.997650454237498, 34.248586575953155, 33.52740158936349, 49.42660853458618]",metrics_P-FK01S_C26-36.txt,Results\metrics_P-FK01S_C26-36.txt,18.997650454237498,34.248586575953155,33.52740158936349,49.42660853458618
P-FK01S,C37-35,-19.33,-9.11,12.18,13.27,9127.189343,-1.87558e-05,37.59,19.75,83.700239,43.967044,"[18.61518980040754, 34.73705605867521, 34.61332221513591, 53.46731555818447]",metrics_P-FK01S_C37-35.txt,Results\metrics_P-FK01S_C37-35.txt,18.61518980040754,34.73705605867521,34.61332221513591,53.46731555818447
P-FK01S,E-F1,-17.3,-8.78,10.15,13.97,9127.205756,-1.34293e-05,36.63,18.32,81.571575,40.78724,"[20.550822649338805, 33.657786507454844, 33.383504308102324, 47.779091474551066]",metrics_P-FK01S_E-F1.txt,Results\metrics_P-FK01S_E-F1.txt,20.550822649338805,33.657786507454844,33.383504308102324,47.779091474551066
P-FK01S,E-F3,-19.82,-8.84,13.14,15.69,9127.191135,-1.66575e-05,47.02,23.62,104.687936,52.599293,"[26.553393900153186, 41.96934906870743, 42.409180801256326, 66.27822331944657]",metrics_P-FK01S_E-F3.txt,Results\metrics_P-FK01S_E-F3.txt,26.553393900153186,41.96934906870743,42.409180801256326,66.27822331944657
P-FK01S,F11,-21.23,-9.02,14.29,14.17,9127.192171,-2.1929e-05,39.6,22.06,88.166184,49.115514,"[21.143934597798456, 41.876695268112215, 41.73108134490518, 62.61252211144169]",metrics_P-FK01S_F11.txt,Results\metrics_P-FK01S_F11.txt,21.143934597798456,41.876695268112215,41.73108134490518,62.61252211144169
P-FK01S,F14HT,-15.21,-9.3,5.38,17.57,9127.174854,2.44084e-06,38.18,22.31,85.008649,49.682741,"[30.14707638262948, 46.28420054871531, 46.13043676077058, 61.13284307866061]",metrics_P-FK01S_F14HT.txt,Results\metrics_P-FK01S_F14HT.txt,30.14707638262948,46.28420054871531,46.13043676077058,61.13284307866061
P-FK01S,F2HT,-21.21,-9.0,14.3,14.74,9127.191734,-2.15125e-05,43.05,20.82,95.860673,46.357052,"[25.25577968870134, 35.152295163536714, 35.27819970789875, 49.353588255947294]",metrics_P-FK01S_F2HT.txt,Results\metrics_P-FK01S_F2HT.txt,25.25577968870134,35.152295163536714,35.27819970789875,49.353588255947294
P-FK01S,F3,-19.55,-8.87,12.81,15.21,9127.192172,-1.85534e-05,43.04,21.13,95.823914,47.039759,"[26.388162760869914, 36.56738240137785, 36.536493732350905, 50.341162202248285]",metrics_P-FK01S_F3.txt,Results\metrics_P-FK01S_F3.txt,26.388162760869914,36.56738240137785,36.536493732350905,50.341162202248285
P-FK01S,F8,-13.81,-9.89,2.85,19.24,9127.203797,1.11418e-05,48.17,24.57,107.266862,54.717997,"[37.09761606914489, 49.30918193317786, 49.34123294887989, 63.14971383270955]",metrics_P-FK01S_F8.txt,Results\metrics_P-FK01S_F8.txt,37.09761606914489,49.30918193317786,49.34123294887989,63.14971383270955
P-FK01S,F8HT,-13.8,-9.89,2.85,19.19,9127.203782,8.29035e-06,43.49,24.06,96.826653,53.570966,"[33.974862576546144, 50.85792611467521, 50.70594486056547, 63.383556663614414]",metrics_P-FK01S_F8HT.txt,Results\metrics_P-FK01S_F8HT.txt,33.974862576546144,50.85792611467521,50.70594486056547,63.383556663614414
P-FK01S,LZ_F1,-20.01,-8.85,13.32,15.53,9127.190933,-2.01837e-05,44.16,21.92,98.324533,48.801376,"[27.259262563215735, 37.92785593039412, 37.2509078124653, 54.36926748819252]",metrics_P-FK01S_LZ_F1.txt,Results\metrics_P-FK01S_LZ_F1.txt,27.259262563215735,37.92785593039412,37.2509078124653,54.36926748819252
P-FK01S,LZ_F8,-20.43,-9.02,13.47,13.72,9127.193894,-2.21178e-05,39.39,20.48,87.702446,45.608718,"[20.957621905062368, 35.324229639944306, 35.42909924571435, 56.23887671498392]",metrics_P-FK01S_LZ_F8.txt,Results\metrics_P-FK01S_LZ_F8.txt,20.957621905062368,35.324229639944306,35.42909924571435,56.23887671498392
P-FK01S,PBM11,-21.25,-9.02,14.31,14.08,9127.19218,-2.19994e-05,39.69,22.14,88.368574,49.297086,"[21.715878928591536, 41.31436707808217, 41.45519675395859, 61.72106919770954]",metrics_P-FK01S_PBM11.txt,Results\metrics_P-FK01S_PBM11.txt,21.715878928591536,41.31436707808217,41.45519675395859,61.72106919770954
P-FK01S,PBM18Y,-12.96,-9.95,2.02,18.65,9127.204442,8.5406e-06,40.08,24.11,89.241132,53.674943,"[31.630457579121455, 52.26577712593128, 52.09164642511427, 68.00009022098942]",metrics_P-FK01S_PBM18Y.txt,Results\metrics_P-FK01S_PBM18Y.txt,31.630457579121455,52.26577712593128,52.09164642511427,68.00009022098942
P-FK01S,PBM2Y,-21.25,-9.01,14.33,14.61,9127.191708,-2.185e-05,42.8,20.8,95.298672,46.31814,"[24.876833752517665, 34.67915814031507, 35.45050194294825, 51.51179883814924]",metrics_P-FK01S_PBM2Y.txt,Results\metrics_P-FK01S_PBM2Y.txt,24.876833752517665,34.67915814031507,35.45050194294825,51.51179883814924
P-FK01S,PBM3,-20.0,-8.85,13.31,15.68,9127.190948,-1.95976e-05,44.72,22.26,99.576666,49.571205,"[27.894894088562964, 38.94375850661217, 37.839273262598184, 57.2097986547772]",metrics_P-FK01S_PBM3.txt,Results\metrics_P-FK01S_PBM3.txt,27.894894088562964,38.94375850661217,37.839273262598184,57.2097986547772
P-FK01S,PBM8Y,-13.81,-9.89,2.86,19.3,9127.20382,8.44145e-06,44.25,24.22,98.526823,53.926538,"[34.401136834490856, 51.192110394261235, 51.03343875732952, 63.52055683355098]",metrics_P-FK01S_PBM8Y.txt,Results\metrics_P-FK01S_PBM8Y.txt,34.401136834490856,51.192110394261235,51.03343875732952,63.52055683355098
P-FK01S,SF7,-8.49,-9.88,-1.6,12.12,9127.197897,9.20921e-06,37.58,22.02,83.686231,49.030015,"[7.246232363861825, 48.02968454802967, 47.81994326268551, 71.81889324614369]",metrics_P-FK01S_SF7.txt,Results\metrics_P-FK01S_SF7.txt,7.246232363861825,48.02968454802967,47.81994326268551,71.81889324614369
Q-FK01S,ADF355,-8.2,-9.26,-1.02,20.35,9127.196473,1.92066e-05,50.57,27.39,112.606774,60.997951,"[38.99528592858498, 46.40268027750781, 46.3316194373552, 50.04356844767578]",metrics_Q-FK01S_ADF355.txt,Results\metrics_Q-FK01S_ADF355.txt,38.99528592858498,46.40268027750781,46.3316194373552,50.04356844767578
Q-FK01S,BAFD1,-20.11,-8.95,13.15,18.07,9127.193774,-1.73481e-05,49.01,25.92,109.129436,57.720538,"[27.55618550618521, 48.53993997212416, 48.48199148253525, 73.76291956135202]",metrics_Q-FK01S_BAFD1.txt,Results\metrics_Q-FK01S_BAFD1.txt,27.55618550618521,48.53993997212416,48.48199148253525,73.76291956135202
Q-FK01S,BAFD3,-13.86,-9.67,3.11,20.42,9127.200354,9.48632e-06,47.88,24.52,106.611608,54.585912,"[35.39522159275944, 49.8127255243458, 49.80664490544458, 58.56122593958485]",metrics_Q-FK01S_BAFD3.txt,Results\metrics_Q-FK01S_BAFD3.txt,35.39522159275944,49.8127255243458,49.80664490544458,58.56122593958485
Q-FK01S,C04-38,-14.52,-9.37,4.63,17.28,9127.190945,1.56818e-06,35.29,20.47,78.585349,45.574272,"[28.62888531274104, 43.757450448491355, 43.72584503764401, 55.24201061801796]",metrics_Q-FK01S_C04-38.txt,Results\metrics_Q-FK01S_C04-38.txt,28.62888531274104,43.757450448491355,43.72584503764401,55.24201061801796
Q-FK01S,C20-36,-21.26,-9.01,14.34,14.55,9127.191707,-2.35287e-05,41.67,20.81,92.782824,46.329977,"[23.317174614872606, 35.61493398674695, 34.28474733398271, 54.32280694841373]",metrics_Q-FK01S_C20-36.txt,Results\metrics_Q-FK01S_C20-36.txt,23.317174614872606,35.61493398674695,34.28474733398271,54.32280694841373
Q-FK01S,C26-36,-17.33,-8.78,10.18,13.81,9127.20578,-1.71619e-05,34.66,18.68,77.182672,41.583291,"[17.345858964744288, 34.24633904789638, 34.30076263289533, 51.836414487189344]",metrics_Q-FK01S_C26-36.txt,Results\metrics_Q-FK01S_C26-36.txt,17.345858964744288,34.24633904789638,34.30076263289533,51.836414487189344
Q-FK01S,C37-35,-19.35,-9.12,12.2,13.17,9127.189357,-2.08004e-05,37.4,20.3,83.275915,45.207967,"[19.519791932027864, 38.95911419148687, 38.326036484602724, 56.348978837093114]",metrics_Q-FK01S_C37-35.txt,Results\metrics_Q-FK01S_C37-35.txt,19.519791932027864,38.95911419148687,38.326036484602724,56.348978837093114
Q-FK01S,E-F1,-17.31,-8.78,10.16,13.87,9127.205772,-1.52615e-05,35.51,18.32,79.072878,40.794753,"[18.875271535734647, 33.68732194680612, 33.27685107365511, 49.12534627762783]",metrics_Q-FK01S_E-F1.txt,Results\metrics_Q-FK01S_E-F1.txt,18.875271535734647,33.68732194680612,33.27685107365511,49.12534627762783
Q-FK01S,E-F3,-19.83,-8.84,13.15,15.59,9127.191134,-1.82585e-05,45.2,22.55,100.640693,50.206916,"[27.77066207401308, 39.42480236938191, 39.14888846989117, 59.84157471316661]",metrics_Q-FK01S_E-F3.txt,Results\metrics_Q-FK01S_E-F3.txt,27.77066207401308,39.42480236938191,39.14888846989117,59.84157471316661
Q-FK01S,F11,-21.25,-9.02,14.31,14.07,9127.192193,-2.71206e-05,40.23,23.05,89.571177,51.318837,"[27.324718969755132, 44.53523245918769, 44.50398223258195, 63.42754104781468]",metrics_Q-FK01S_F11.txt,Results\metrics_Q-FK01S_F11.txt,27.324718969755132,44.53523245918769,44.50398223258195,63.42754104781468
Q-FK01S,F14HT,-15.2,-9.3,5.37,17.47,9127.174746,4.92778e-07,36.55,20.99,81.38692,46.742887,"[29.7824861825444, 43.9032244960615, 43.56922489137214, 56.71636319265496]",metrics_Q-FK01S_F14HT.txt,Results\metrics_Q-FK01S_F14HT.txt,29.7824861825444,43.9032244960615,43.56922489137214,56.71636319265496
Q-FK01S,F2HT,-21.26,-9.01,14.33,14.64,9127.191716,-2.3414e-05,41.84,20.81,93.154942,46.332889,"[23.556878434218937, 35.52577496596308, 34.894505115053875, 53.86958173087254]",metrics_Q-FK01S_F2HT.txt,Results\metrics_Q-FK01S_F2HT.txt,23.556878434218937,35.52577496596308,34.894505115053875,53.86958173087254
Q-FK01S,F3,-19.56,-8.87,12.82,15.11,9127.192165,-2.02856e-05,41.73,20.51,92.913636,45.676091,"[24.66569297163492, 35.37530651054318, 34.74204357367378, 48.14020541213565]",metrics_Q-FK01S_F3.txt,Results\metrics_Q-FK01S_F3.txt,24.66569297163492,35.37530651054318,34.74204357367378,48.14020541213565
Q-FK01S,F8,-13.8,-9.89,2.84,19.13,9127.203771,9.01731e-06,44.51,24.03,99.110934,53.497008,"[34.57781274861452, 50.10030972936839, 50.254905759052534, 62.20581079251688]",metrics_Q-FK01S_F8.txt,Results\metrics_Q-FK01S_F8.txt,34.57781274861452,50.10030972936839,50.254905759052534,62.20581079251688
Q-FK01S,F8HT,-13.79,-9.9,2.83,19.09,9127.203746,6.20585e-06,40.14,23.82,89.369193,53.039929,"[31.42613394653644, 51.478541752583325, 51.40690431053725, 65.79560755224257]",metrics_Q-FK01S_F8HT.txt,Results\metrics_Q-FK01S_F8HT.txt,31.42613394653644,51.478541752583325,51.40690431053725,65.79560755224257
Q-FK01S,LZ_F1,-19.84,-8.84,13.15,15.44,9127.191137,-2.1613e-05,42.54,21.2,94.718838,47.208185,"[25.43352540248562, 36.88663129101336, 36.04540506086893, 48.96202156315989]",metrics_Q-FK01S_LZ_F1.txt,Results\metrics_Q-FK01S_LZ_F1.txt,25.43352540248562,36.88663129101336,36.04540506086893,48.96202156315989
Q-FK01S,LZ_F8,-20.45,-9.02,13.48,13.62,9127.193906,-2.41326e-05,39.14,20.97,87.146691,46.690689,"[23.72686570686968, 38.11953950435676, 37.751765334352626, 57.91718800287826]",metrics_Q-FK01S_LZ_F8.txt,Results\metrics_Q-FK01S_LZ_F8.txt,23.72686570686968,38.11953950435676,37.751765334352626,57.91718800287826
Q-FK01S,PBM11,-21.27,-9.02,14.32,13.98,9127.192191,-2.70808e-05,40.34,23.14,89.829051,51.515424,"[27.76940591858971, 44.89963573152898, 44.49397949160442, 63.74430116698284]",metrics_Q-FK01S_PBM11.txt,Results\metrics_Q-FK01S_PBM11.txt,27.76940591858971,44.89963573152898,44.49397949160442,63.74430116698284
Q-FK01S,PBM18Y,-12.95,-9.95,2.0,18.54,9127.204416,6.48354e-06,37.21,23.75,82.850617,52.892252,"[29.0628757031014, 51.54858518047122, 51.415728406189956, 67.35659787411036]",metrics_Q-FK01S_PBM18Y.txt,Results\metrics_Q-FK01S_PBM18Y.txt,29.0628757031014,51.54858518047122,51.415728406189956,67.35659787411036
Q-FK01S,PBM2Y,-21.27,-9.01,14.35,14.51,9127.191712,-2.37407e-05,41.59,20.84,92.603935,46.400618,"[23.178436116060013, 35.70478250487928, 34.49276357330067, 54.902389523932435]",metrics_Q-FK01S_PBM2Y.txt,Results\metrics_Q-FK01S_PBM2Y.txt,23.178436116060013,35.70478250487928,34.49276357330067,54.902389523932435
Q-FK01S,PBM3,-19.83,-8.84,13.15,15.59,9127.191126,-2.10049e-05,43.03,21.47,95.804125,47.79508,"[26.058529016241117, 37.52566032696393, 36.80337594347678, 51.374245618749185]",metrics_Q-FK01S_PBM3.txt,Results\metrics_Q-FK01S_PBM3.txt,26.058529016241117,37.52566032696393,36.80337594347678,51.374245618749185
Q-FK01S,PBM8Y,-13.8,-9.89,2.85,19.19,9127.203783,6.35349e-06,40.7,23.94,90.626855,53.313213,"[31.85611055613258, 51.5566045887239, 51.55890684842353, 65.7301523468034]",metrics_Q-FK01S_PBM8Y.txt,Results\metrics_Q-FK01S_PBM8Y.txt,31.85611055613258,51.5566045887239,51.55890684842353,65.7301523468034
Q-FK01S,SF7,-8.44,-9.88,-1.68,12.01,9127.196542,7.44233e-06,37.98,22.7,84.570296,50.539436,"[6.617086902233282, 49.97666643265994, 49.53282340649439, 74.39715343088562]",metrics_Q-FK01S_SF7.txt,Results\metrics_Q-FK01S_SF7.txt,6.617086902233282,49.97666643265994,49.53282340649439,74.39715343088562
S-FPL51,ADF355,-19.85,-9.09,12.57,20.06,9127.189912,-3.38194e-06,62.86,30.23,139.957412,67.309195,"[35.239292808389855, 43.362757087555636, 43.25232585046169, 78.10433437329459]",metrics_S-FPL51_ADF355.txt,Results\metrics_S-FPL51_ADF355.txt,35.239292808389855,43.362757087555636,43.25232585046169,78.10433437329459
S-FPL51,BAFD1,-20.61,-8.97,13.65,18.16,9127.193071,-1.7934e-05,49.96,26.14,111.251306,58.202245,"[28.394749694086496, 48.32326681869843, 47.934760288262645, 75.79903174406775]",metrics_S-FPL51_BAFD1.txt,Results\metrics_S-FPL51_BAFD1.txt,28.394749694086496,48.32326681869843,47.934760288262645,75.79903174406775
S-FPL51,BAFD3,-15.55,-9.26,5.83,20.15,9127.20136,4.91262e-06,47.98,25.75,106.838503,57.340476,"[37.92486181497967, 50.736914919630635, 50.86929151881448, 70.19132703439442]",metrics_S-FPL51_BAFD3.txt,Results\metrics_S-FPL51_BAFD3.txt,37.92486181497967,50.736914919630635,50.86929151881448,70.19132703439442
S-FPL51,C04-38,-13.77,-9.37,3.79,17.4,9127.184916,3.11291e-06,34.78,20.8,77.452747,46.321341,"[27.26290489652199, 45.365816955481336, 45.583495467330195, 56.473308508631604]",metrics_S-FPL51_C04-38.txt,Results\metrics_S-FPL51_C04-38.txt,27.26290489652199,45.365816955481336,45.583495467330195,56.473308508631604
S-FPL51,C20-36,-21.39,-9.0,14.5,14.65,9127.191116,-2.35518e-05,42.2,20.91,93.971396,46.557037,"[23.902847179391223, 35.411823302046244, 35.3667195521765, 53.82934440040873]",metrics_S-FPL51_C20-36.txt,Results\metrics_S-FPL51_C20-36.txt,23.902847179391223,35.411823302046244,35.3667195521765,53.82934440040873
S-FPL51,C26-36,-20.62,-9.03,13.65,13.69,9127.19368,-2.32794e-05,39.41,20.71,87.760491,46.120225,"[22.48366310942425, 36.54912589469785, 36.275188372267536, 57.08181882391604]",metrics_S-FPL51_C26-36.txt,Results\metrics_S-FPL51_C26-36.txt,22.48366310942425,36.54912589469785,36.275188372267536,57.08181882391604
S-FPL51,C37-35,-19.03,-8.97,11.71,13.3,9127.205556,-1.92777e-05,36.65,19.77,81.599854,44.028422,"[18.434549076590265, 36.23746638959185, 36.26298395786712, 54.921605570379356]",metrics_S-FPL51_C37-35.txt,Results\metrics_S-FPL51_C37-35.txt,18.434549076590265,36.23746638959185,36.26298395786712,54.921605570379356
S-FPL51,E-F1,-20.86,-8.95,13.7,13.74,9127.202562,-2.09988e-05,39.86,20.21,88.746094,44.995871,"[21.562493711629322, 34.08115600917274, 35.30165995189775, 54.55613835851241]",metrics_S-FPL51_E-F1.txt,Results\metrics_S-FPL51_E-F1.txt,21.562493711629322,34.08115600917274,35.30165995189775,54.55613835851241
S-FPL51,E-F3,-16.66,-10.23,4.98,16.37,9127.200662,6.99352e-06,41.37,20.35,92.115037,45.302883,"[26.26763118437479, 41.854539770923324, 41.33186335552362, 46.329983942231706]",metrics_S-FPL51_E-F3.txt,Results\metrics_S-FPL51_E-F3.txt,26.26763118437479,41.854539770923324,41.33186335552362,46.329983942231706
S-FPL51,F11,-21.27,-9.01,14.36,14.17,9127.191662,-2.69938e-05,40.21,22.87,89.53346,50.916622,"[26.676272600089874, 44.16532110655338, 44.26439819834975, 63.67740218117433]",metrics_S-FPL51_F11.txt,Results\metrics_S-FPL51_F11.txt,26.676272600089874,44.16532110655338,44.26439819834975,63.67740218117433
S-FPL51,F14HT,-13.79,-9.86,3.09,17.87,9127.187998,4.5269e-06,35.66,21.74,79.399876,48.406364,"[27.165973993633397, 48.27129317409124, 48.39298315513044, 60.8571989757028]",metrics_S-FPL51_F14HT.txt,Results\metrics_S-FPL51_F14HT.txt,27.165973993633397,48.27129317409124,48.39298315513044,60.8571989757028
S-FPL51,F2HT,-21.38,-9.0,14.49,14.73,9127.19111,-2.34406e-05,42.38,20.92,94.363692,46.585258,"[24.143844632866866, 35.64321738540376, 36.059085180710575, 54.23618672892185]",metrics_S-FPL51_F2HT.txt,Results\metrics_S-FPL51_F2HT.txt,24.143844632866866,35.64321738540376,36.059085180710575,54.23618672892185
S-FPL51,F3,-19.91,-8.77,13.0,15.19,9127.203799,-1.99871e-05,42.15,20.67,93.842571,46.013268,"[25.092840500778074, 36.103927991639395, 34.81909881531236, 47.11860125578207]",metrics_S-FPL51_F3.txt,Results\metrics_S-FPL51_F3.txt,25.092840500778074,36.103927991639395,34.81909881531236,47.11860125578207
S-FPL51,F8,-16.83,-10.07,5.6,19.45,9127.185437,7.01718e-06,51.56,23.4,114.809528,52.111795,"[36.55153311497506, 42.077463315408586, 41.923069549150476, 42.719634550811584]",metrics_S-FPL51_F8.txt,Results\metrics_S-FPL51_F8.txt,36.55153311497506,42.077463315408586,41.923069549150476,42.719634550811584
S-FPL51,F8HT,-16.82,-10.07,5.59,19.4,9127.185429,4.13e-06,46.76,22.51,104.111851,50.12366,"[34.68053009257055, 44.73196229189094, 44.828528105322675, 47.413269976548186]",metrics_S-FPL51_F8HT.txt,Results\metrics_S-FPL51_F8HT.txt,34.68053009257055,44.73196229189094,44.828528105322675,47.413269976548186
S-FPL51,LZ_F1,-16.7,-10.24,5.01,16.19,9127.200647,3.03485e-06,39.8,20.53,88.621088,45.722898,"[21.584897794976147, 45.058918439881694, 45.05299689803476, 52.743902659249]",metrics_S-FPL51_LZ_F1.txt,Results\metrics_S-FPL51_LZ_F1.txt,21.584897794976147,45.058918439881694,45.05299689803476,52.743902659249
S-FPL51,LZ_F8,-20.89,-9.04,13.92,13.7,9127.193266,-2.45509e-05,39.81,21.14,88.633646,47.074536,"[24.71554267377384, 38.249256255431966, 38.19869638384236, 57.82474026837387]",metrics_S-FPL51_LZ_F8.txt,Results\metrics_S-FPL51_LZ_F8.txt,24.71554267377384,38.249256255431966,38.19869638384236,57.82474026837387
S-FPL51,PBM11,-21.23,-9.01,14.31,14.08,9127.191713,-2.69523e-05,40.21,22.91,89.542918,51.021927,"[26.97208102394944, 44.12959758721199, 44.2803025763997, 62.84777836692517]",metrics_S-FPL51_PBM11.txt,Results\metrics_S-FPL51_PBM11.txt,26.97208102394944,44.12959758721199,44.2803025763997,62.84777836692517
S-FPL51,PBM18Y,-17.06,-10.09,5.78,18.86,9127.185047,3.50638e-06,45.1,21.87,100.424508,48.694583,"[33.916254879009976, 43.14280291895967, 43.1359022113163, 46.371764515657915]",metrics_S-FPL51_PBM18Y.txt,Results\metrics_S-FPL51_PBM18Y.txt,33.916254879009976,43.14280291895967,43.1359022113163,46.371764515657915
S-FPL51,PBM2Y,-21.39,-9.0,14.5,14.6,9127.191122,-2.37498e-05,42.11,20.93,93.766723,46.605436,"[23.759397044796316, 35.67850858362513, 35.19355741818636, 54.12249031805301]",metrics_S-FPL51_PBM2Y.txt,Results\metrics_S-FPL51_PBM2Y.txt,23.759397044796316,35.67850858362513,35.19355741818636,54.12249031805301
S-FPL51,PBM3,-16.66,-10.23,4.98,16.37,9127.200658,3.70355e-06,40.01,20.39,89.088763,45.396402,"[22.776749380428633, 45.22080963488377, 45.28220422449297, 52.026426713427426]",metrics_S-FPL51_PBM3.txt,Results\metrics_S-FPL51_PBM3.txt,22.776749380428633,45.22080963488377,45.28220422449297,52.026426713427426
S-FPL51,PBM8Y,-16.83,-10.07,5.61,19.51,9127.185447,4.27902e-06,47.55,22.7,105.87385,50.535716,"[35.09093305138089, 44.7715695834999, 45.15962664076233, 47.38757993884643]",metrics_S-FPL51_PBM8Y.txt,Results\metrics_S-FPL51_PBM8Y.txt,35.09093305138089,44.7715695834999,45.15962664076233,47.38757993884643
S-FPL51,SF7,-8.43,-9.87,-1.75,12.11,9127.198716,7.90572e-06,37.98,22.62,84.57317,50.364616,"[7.358083365716084, 49.59995719280668, 49.27944972890534, 74.42034977534945]",metrics_S-FPL51_SF7.txt,Results\metrics_S-FPL51_SF7.txt,7.358083365716084,49.59995719280668,49.27944972890534,74.42034977534945
S-FPL51Y,ADF355,-19.81,-9.08,12.53,20.38,9127.189886,-3.07032e-06,64.54,30.93,143.711393,68.860186,"[36.88652078314372, 42.604540970271245, 43.19995093866433, 78.3854880109173]",metrics_S-FPL51Y_ADF355.txt,Results\metrics_S-FPL51Y_ADF355.txt,36.88652078314372,42.604540970271245,43.19995093866433,78.3854880109173
S-FPL51Y,BAFD1,-20.61,-8.96,13.65,18.47,9127.193018,-1.07176e-05,50.19,27.71,111.757953,61.691981,"[23.56524083353698, 53.9354843625521, 53.739142462697956, 81.9202755955237]",metrics_S-FPL51Y_BAFD1.txt,Results\metrics_S-FPL51Y_BAFD1.txt,23.56524083353698,53.9354843625521,53.739142462697956,81.9202755955237
S-FPL51Y,BAFD3,-15.36,-9.25,5.64,20.48,9127.201218,5.57762e-06,49.65,26.38,110.544205,58.746898,"[39.30939175923642, 51.332876433314716, 51.242711140839134, 71.76943309569695]",metrics_S-FPL51Y_BAFD3.txt,Results\metrics_S-FPL51Y_BAFD3.txt,39.30939175923642,51.332876433314716,51.242711140839134,71.76943309569695
S-FPL51Y,C04-38,-14.02,-9.38,4.15,17.73,9127.191353,2.80532e-06,35.86,21.59,79.850446,48.082444,"[28.895072895182082, 46.57349121364061, 46.44909243169189, 60.508881001021905]",metrics_S-FPL51Y_C04-38.txt,Results\metrics_S-FPL51Y_C04-38.txt,28.895072895182082,46.57349121364061,46.44909243169189,60.508881001021905
S-FPL51Y,C20-36,-21.36,-9.0,14.47,14.97,9127.191109,-2.32011e-05,42.81,21.0,95.323349,46.765223,"[24.689247321877396, 35.66827674221109, 36.05650843191327, 51.940930407548635]",metrics_S-FPL51Y_C20-36.txt,Results\metrics_S-FPL51Y_C20-36.txt,24.689247321877396,35.66827674221109,36.05650843191327,51.940930407548635
S-FPL51Y,C26-36,-20.82,-8.95,13.67,14.01,9127.202548,-2.25546e-05,39.53,20.55,88.009852,45.764195,"[21.102299709436792, 35.520361903719746, 35.5859985181968, 56.10522821999204]",metrics_S-FPL51Y_C26-36.txt,Results\metrics_S-FPL51Y_C26-36.txt,21.102299709436792,35.520361903719746,35.5859985181968,56.10522821999204
S-FPL51Y,C37-35,-19.03,-9.08,11.92,13.62,9127.189138,-1.9666e-05,37.01,19.77,82.404935,44.029694,"[18.68786839499088, 35.47374130126891, 35.569353960679095, 54.60163928971281]",metrics_S-FPL51Y_C37-35.txt,Results\metrics_S-FPL51Y_C37-35.txt,18.68786839499088,35.47374130126891,35.569353960679095,54.60163928971281
S-FPL51Y,E-F1,-20.85,-8.95,13.7,14.06,9127.202579,-2.06468e-05,40.44,20.17,90.034466,44.913013,"[22.34779647971237, 34.800446353328525, 35.2352787596179, 53.74381797114855]",metrics_S-FPL51Y_E-F1.txt,Results\metrics_S-FPL51Y_E-F1.txt,22.34779647971237,34.800446353328525,35.2352787596179,53.74381797114855
S-FPL51Y,E-F3,-16.74,-10.22,5.07,16.73,9127.200713,7.30505e-06,41.9,20.77,93.297164,46.249913,"[28.154128108077952, 42.979339529516, 43.15111716440409, 45.419578583175564]",metrics_S-FPL51Y_E-F3.txt,Results\metrics_S-FPL51Y_E-F3.txt,28.154128108077952,42.979339529516,43.15111716440409,45.419578583175564
S-FPL51Y,F11,-21.21,-9.01,14.3,14.49,9127.191628,-2.32043e-05,39.52,22.32,87.993577,49.707531,"[21.644216999841888, 42.747856242816056, 42.3980168625135, 63.05938623008714]",metrics_S-FPL51Y_F11.txt,Results\metrics_S-FPL51Y_F11.txt,21.644216999841888,42.747856242816056,42.3980168625135,63.05938623008714
S-FPL51Y,F14HT,-14.9,-9.75,3.95,18.24,9127.200554,4.51569e-06,37.25,21.68,82.950041,48.277753,"[29.02400202609543, 47.95678454225353, 47.899781992999834, 58.473268665680656]",metrics_S-FPL51Y_F14HT.txt,Results\metrics_S-FPL51Y_F14HT.txt,29.02400202609543,47.95678454225353,47.899781992999834,58.473268665680656
S-FPL51Y,F2HT,-21.35,-9.0,14.47,15.06,9127.191113,-2.30961e-05,43.0,21.04,95.735356,46.84573,"[24.932794405369577, 35.97268258803102, 35.841426467102494, 51.26513355524928]",metrics_S-FPL51Y_F2HT.txt,Results\metrics_S-FPL51Y_F2HT.txt,24.932794405369577,35.97268258803102,35.841426467102494,51.26513355524928
S-FPL51Y,F3,-19.88,-8.77,12.98,15.51,9127.203787,-1.97013e-05,42.78,21.15,95.249228,47.103137,"[25.89270033106864, 37.225118461824266, 36.07678793778005, 49.00079889749588]",metrics_S-FPL51Y_F3.txt,Results\metrics_S-FPL51Y_F3.txt,25.89270033106864,37.225118461824266,36.07678793778005,49.00079889749588
S-FPL51Y,F8,-15.8,-9.96,4.87,19.65,9127.18676,7.54915e-06,50.61,24.08,112.68858,53.620992,"[37.92361294037727, 45.63255246308753, 45.68974757181391, 52.83571863211575]",metrics_S-FPL51Y_F8.txt,Results\metrics_S-FPL51Y_F8.txt,37.92361294037727,45.63255246308753,45.68974757181391,52.83571863211575
S-FPL51Y,F8HT,-15.78,-9.85,4.64,19.6,9127.204126,5.42004e-06,45.64,23.17,101.632678,51.596652,"[35.014391508481935, 47.514859306346835, 47.568541722535656, 55.733950025570365]",metrics_S-FPL51Y_F8HT.txt,Results\metrics_S-FPL51Y_F8HT.txt,35.014391508481935,47.514859306346835,47.568541722535656,55.733950025570365
S-FPL51Y,LZ_F1,-16.79,-10.22,5.1,16.56,9127.20072,3.32137e-06,40.34,20.58,89.819436,45.82242,"[23.44769725984535, 46.439340713039854, 46.2572205241509, 53.002419860555165]",metrics_S-FPL51Y_LZ_F1.txt,Results\metrics_S-FPL51Y_LZ_F1.txt,23.44769725984535,46.439340713039854,46.2572205241509,53.002419860555165
S-FPL51Y,LZ_F8,-20.85,-9.03,13.88,14.02,9127.193239,-2.41034e-05,39.82,20.95,88.66939,46.646602,"[22.610612036790027, 37.015106221882576, 37.06782691975157, 56.96121393027036]",metrics_S-FPL51Y_LZ_F8.txt,Results\metrics_S-FPL51Y_LZ_F8.txt,22.610612036790027,37.015106221882576,37.06782691975157,56.96121393027036
S-FPL51Y,PBM11,-21.23,-9.01,14.32,14.4,9127.19164,-2.32712e-05,39.61,22.41,88.199441,49.888874,"[21.68679997309892, 42.141607075577866, 42.344692709467765, 63.389458939298656]",metrics_S-FPL51Y_PBM11.txt,Results\metrics_S-FPL51Y_PBM11.txt,21.68679997309892,42.141607075577866,42.344692709467765,63.389458939298656
S-FPL51Y,PBM18Y,-16.81,-10.08,5.57,19.21,9127.185408,4.02869e-06,45.97,22.35,102.35361,49.76024,"[34.33136528625713, 44.78072239271491, 44.26848790093766, 48.09095142787426]",metrics_S-FPL51Y_PBM18Y.txt,Results\metrics_S-FPL51Y_PBM18Y.txt,34.33136528625713,44.78072239271491,44.26848790093766,48.09095142787426
S-FPL51Y,PBM2Y,-21.36,-9.0,14.47,14.92,9127.191103,-2.33983e-05,42.71,21.02,95.106673,46.793831,"[24.545408024485692, 35.92237913467136, 36.13507121364641, 52.83760978502042]",metrics_S-FPL51Y_PBM2Y.txt,Results\metrics_S-FPL51Y_PBM2Y.txt,24.545408024485692,35.92237913467136,36.13507121364641,52.83760978502042
S-FPL51Y,PBM3,-16.75,-10.22,5.07,16.73,9127.20071,3.99403e-06,40.55,20.5,90.28144,45.654621,"[24.64118243342286, 45.51078020226814, 45.424880290222475, 50.89541613891231]",metrics_S-FPL51Y_PBM3.txt,Results\metrics_S-FPL51Y_PBM3.txt,24.64118243342286,45.51078020226814,45.424880290222475,50.89541613891231
S-FPL51Y,PBM8Y,-15.83,-9.83,4.71,19.7,9127.20409,5.49424e-06,46.41,23.35,103.339547,51.989977,"[35.49805944446082, 47.52528830072094, 47.51216759558015, 55.708663095835156]",metrics_S-FPL51Y_PBM8Y.txt,Results\metrics_S-FPL51Y_PBM8Y.txt,35.49805944446082,47.52528830072094,47.51216759558015,55.708663095835156
S-FPL51Y,SF7,-19.73,-9.17,12.52,12.43,9127.189973,-1.97812e-05,38.32,20.64,85.326853,45.962275,"[23.31012283768845, 39.31985902789319, 39.311891265655696, 55.26849182801294]",metrics_S-FPL51Y_SF7.txt,Results\metrics_S-FPL51Y_SF7.txt,23.31012283768845,39.31985902789319,39.311891265655696,55.26849182801294
ULTRAN20,ADF355,-16.54,-9.6,7.19,18.26,9127.194899,8.07087e-06,50.48,22.73,112.394329,50.621041,"[35.90937213921652, 35.611064758309155, 36.09029365435197, 29.803474829929193]",metrics_ULTRAN20_ADF355.txt,Results\metrics_ULTRAN20_ADF355.txt,35.90937213921652,35.611064758309155,36.09029365435197,29.803474829929193
ULTRAN20,BAFD1,-19.78,-9.22,12.31,16.02,9127.191822,-1.00171e-05,40.16,20.45,89.420301,45.545155,"[21.78599350991806, 37.67184252148468, 36.79709940026865, 47.778651218592856]",metrics_ULTRAN20_BAFD1.txt,Results\metrics_ULTRAN20_BAFD1.txt,21.78599350991806,37.67184252148468,36.79709940026865,47.778651218592856
ULTRAN20,BAFD3,-16.94,-8.82,9.87,17.59,9127.189183,-1.20203e-05,47.54,25.48,105.86208,56.724331,"[22.70116751130818, 53.160399733862334, 53.14595881698267, 74.25461493813239]",metrics_ULTRAN20_BAFD3.txt,Results\metrics_ULTRAN20_BAFD3.txt,22.70116751130818,53.160399733862334,53.14595881698267,74.25461493813239
ULTRAN20,C04-38,-17.14,-8.74,9.94,15.06,9127.205276,-1.45138e-05,38.28,19.67,85.225152,43.789396,"[22.679840232296833, 35.96117599610376, 35.42698212317398, 48.349028317434545]",metrics_ULTRAN20_C04-38.txt,Results\metrics_ULTRAN20_C04-38.txt,22.679840232296833,35.96117599610376,35.42698212317398,48.349028317434545
ULTRAN20,C20-36,-19.83,-9.09,12.26,12.47,9127.204462,-1.75464e-05,37.19,20.27,82.801685,45.144813,"[19.947966368896378, 39.08988602532827, 38.877671910462695, 56.69053229250363]",metrics_ULTRAN20_C20-36.txt,Results\metrics_ULTRAN20_C20-36.txt,19.947966368896378,39.08988602532827,38.877671910462695,56.69053229250363
ULTRAN20,C26-36,-17.76,-9.08,10.18,11.57,9127.201839,-1.55541e-05,35.92,20.68,79.970502,46.046685,"[17.756871132698155, 43.35501791960731, 43.16050539534004, 59.05931239883927]",metrics_ULTRAN20_C26-36.txt,Results\metrics_ULTRAN20_C26-36.txt,17.756871132698155,43.35501791960731,43.16050539534004,59.05931239883927
ULTRAN20,C37-35,-19.14,-9.72,9.93,10.86,9127.194145,-1.01046e-05,40.02,23.56,89.111425,52.452192,"[16.003696187739536, 50.221500969843575, 50.281221553169665, 69.03750652978056]",metrics_ULTRAN20_C37-35.txt,Results\metrics_ULTRAN20_C37-35.txt,16.003696187739536,50.221500969843575,50.281221553169665,69.03750652978056
ULTRAN20,E-F1,-17.8,-9.15,10.35,11.62,9127.193826,-1.4402e-05,35.56,19.78,79.174974,44.051793,"[16.314233577618964, 40.998459408628804, 40.9197195734707, 55.13254583175643]",metrics_ULTRAN20_E-F1.txt,Results\metrics_ULTRAN20_E-F1.txt,16.314233577618964,40.998459408628804,40.9197195734707,55.13254583175643
ULTRAN20,E-F3,-18.25,-9.03,11.07,13.53,9127.190079,-1.53652e-05,37.62,18.6,83.758571,41.410978,"[21.105593299892064, 33.53826956893762, 33.17704571047447, 47.64910963752574]",metrics_ULTRAN20_E-F3.txt,Results\metrics_ULTRAN20_E-F3.txt,21.105593299892064,33.53826956893762,33.17704571047447,47.64910963752574
ULTRAN20,F11,-19.99,-9.23,12.58,11.96,9127.190961,-2.48382e-05,43.6,25.61,97.070147,57.017633,"[21.927567925595035, 53.84783191255613, 53.60365631069338, 75.58159763938211]",metrics_ULTRAN20_F11.txt,Results\metrics_ULTRAN20_F11.txt,21.927567925595035,53.84783191255613,53.60365631069338,75.58159763938211
ULTRAN20,F14HT,-16.58,-8.79,9.59,15.28,9127.188417,-1.42729e-05,38.39,20.29,85.483342,45.185193,"[22.331688186551816, 37.764068565512204, 37.50032339987138, 53.47575887823868]",metrics_ULTRAN20_F14HT.txt,Results\metrics_ULTRAN20_F14HT.txt,22.331688186551816,37.764068565512204,37.50032339987138,53.47575887823868
ULTRAN20,F2HT,-19.74,-9.09,12.17,12.56,9127.204371,-1.74209e-05,37.0,20.11,82.378737,44.778694,"[19.091002309010932, 38.427562609996656, 38.8964760317282, 56.535443151691666]",metrics_ULTRAN20_F2HT.txt,Results\metrics_ULTRAN20_F2HT.txt,19.091002309010932,38.427562609996656,38.8964760317282,56.535443151691666
ULTRAN20,F3,-19.22,-9.01,11.74,12.97,9127.204654,-1.92026e-05,36.67,19.5,81.645692,43.417177,"[18.456883162637126, 34.70712421795757, 34.752050171114966, 53.57956136588996]",metrics_ULTRAN20_F3.txt,Results\metrics_ULTRAN20_F3.txt,18.456883162637126,34.70712421795757,34.752050171114966,53.57956136588996
ULTRAN20,F8,-20.12,-8.77,13.09,16.26,9127.202641,-1.7282e-05,48.77,25.47,108.588323,56.719601,"[27.305555582434113, 47.55349573757361, 47.892670237559074, 73.29880166673834]",metrics_ULTRAN20_F8.txt,Results\metrics_ULTRAN20_F8.txt,27.305555582434113,47.55349573757361,47.892670237559074,73.29880166673834
ULTRAN20,F8HT,-20.13,-8.77,13.1,16.22,9127.202657,-1.93793e-05,46.41,24.07,103.328308,53.599225,"[28.90936901669484, 44.26069769177131, 43.92230993988146, 67.15304873401205]",metrics_ULTRAN20_F8HT.txt,Results\metrics_ULTRAN20_F8HT.txt,28.90936901669484,44.26069769177131,43.92230993988146,67.15304873401205
ULTRAN20,LZ_F1,-18.26,-9.03,11.08,13.38,9127.190091,-1.91979e-05,35.77,19.17,79.63717,42.683402,"[18.14715860720993, 34.3422334141533, 34.308921004338, 53.10787795864099]",metrics_ULTRAN20_LZ_F1.txt,Results\metrics_ULTRAN20_LZ_F1.txt,18.14715860720993,34.3422334141533,34.308921004338,53.10787795864099
ULTRAN20,LZ_F8,-19.97,-9.28,12.47,11.45,9127.192022,-1.96511e-05,39.11,22.69,87.084625,50.515992,"[26.874810398232732, 44.989077071862965, 45.22710673599718, 63.16206428206827]",metrics_ULTRAN20_LZ_F8.txt,Results\metrics_ULTRAN20_LZ_F8.txt,26.874810398232732,44.989077071862965,45.22710673599718,63.16206428206827
ULTRAN20,PBM11,-19.8,-9.22,12.4,11.87,9127.191137,-2.45594e-05,43.59,25.62,97.05579,57.055075,"[21.394200923253575, 53.9333991655662, 53.850829596852776, 76.25156848409208]",metrics_ULTRAN20_PBM11.txt,Results\metrics_ULTRAN20_PBM11.txt,21.394200923253575,53.9333991655662,53.850829596852776,76.25156848409208
ULTRAN20,PBM18Y,-20.11,-8.78,13.09,15.74,9127.2026,-1.96527e-05,45.2,23.04,100.652786,51.303431,"[28.277085708458984, 40.91512831808227, 41.045002790768606, 62.2885375225696]",metrics_ULTRAN20_PBM18Y.txt,Results\metrics_ULTRAN20_PBM18Y.txt,28.277085708458984,40.91512831808227,41.045002790768606,62.2885375225696
ULTRAN20,PBM2Y,-19.84,-9.09,12.27,12.42,9127.204442,-1.77912e-05,37.23,20.37,82.904181,45.346768,"[20.207454825715445, 39.28110313220381, 39.26650674138925, 57.196684839971724]",metrics_ULTRAN20_PBM2Y.txt,Results\metrics_ULTRAN20_PBM2Y.txt,20.207454825715445,39.28110313220381,39.26650674138925,57.196684839971724
ULTRAN20,PBM3,-18.25,-9.03,11.07,13.53,9127.19009,-1.84889e-05,36.12,19.0,80.429634,42.300085,"[18.74547054003784, 34.084024281323124, 34.1967742831889, 51.70886843964445]",metrics_ULTRAN20_PBM3.txt,Results\metrics_ULTRAN20_PBM3.txt,18.74547054003784,34.084024281323124,34.1967742831889,51.70886843964445
ULTRAN20,PBM8Y,-20.11,-8.77,13.09,16.31,9127.202648,-1.92738e-05,46.74,24.37,104.066472,54.257502,"[28.824261913041667, 44.94878585364454, 44.31084168953832, 68.74103760805423]",metrics_ULTRAN20_PBM8Y.txt,Results\metrics_ULTRAN20_PBM8Y.txt,28.824261913041667,44.94878585364454,44.31084168953832,68.74103760805423
ULTRAN20,SF7,-18.09,-9.74,8.74,9.64,9127.194478,-7.6109e-06,40.92,24.57,91.120848,54.70875,"[11.250601993437161, 52.22375256310772, 53.28076796344629, 72.55268771309042]",metrics_ULTRAN20_SF7.txt,Results\metrics_ULTRAN20_SF7.txt,11.250601993437161,52.22375256310772,53.28076796344629,72.55268771309042
